,CLAVE SITIO,CLAVE MONITOREO,NOMBRE DEL SITIO,TIPO CUERPO DE AGUA,FECHA REALIZACIÓN,AÑO,SST,CF,E_COLI,OD%,DBO5,DQO,TOX_D48,TOX_V15
1,DLAGU26,DLAGU26-210822,DESCARGA DE LA CIUDAD DE AGUASCALIENTES,LÓTICO,2022-08-22,2022,26.3,24196.0,24196.0,75.8,2.42,10.0,1.0,1.0
2,DLBAJ85,DLBAJ85-021022,MANANTIAL SAN JOSE DEL CABO,LÓTICO (HUMEDAL),2022-09-27,2022,10.0,3282.0,638.0,85.8,2.0,10.0,1.0,1.0
3,DLBAJ94,DLBAJ94-021022,SISTEMA RIPARIO DE LA CUENCA Y ESTERO DE SAN JOSE DEL CABO 3,LÓTICO (HUMEDAL),2022-09-27,2022,24.8,11199.0,226.0,92.7,2.0,26.29,1.0,1.0
4,DLBAJ95,DLBAJ95-021022,SISTEMA RIPARIO DE LA CUENCA Y ESTERO DE SAN JOSE DEL CABO 2,LÓTICO (HUMEDAL),2022-09-27,2022,10.0,6131.0,313.0,80.0,2.0,10.0,1.0,1.0
5,DLBAJ97,DLBAJ97-021022,SISTEMA RIPARIO DE LA CUENCA Y ESTERO DE SAN JOSE DEL CABO 1,LÓTICO (HUMEDAL),2022-09-27,2022,10.0,12997.0,116.0,86.4,2.0,10.0,1.0,1.0
6,DLCAM257,DLCAM257-180922,PUENTE SAN FRANCISCO,LÓTICO (HUMEDAL),2022-10-19,2022,258.0,3654.0,561.0,80.8,5.7,10.0,1.0,1.0
7,DLCAM258,DLCAM258-140822,MANANTIAL AGUAS VERDES,LÓTICO (HUMEDAL),2022-08-08,2022,10.0,460.0,150.0,46.1,10.8,22.45,1.0,1.0
8,DLCAM255,DLCAM255-180922,RIO PALIZADA AGUAS ABAJO DEL POBLADO,LÓTICO (HUMEDAL),2022-10-19,2022,286.7,3873.0,512.0,74.0,5.3,12.42,1.0,1.0
9,DLCAM260,DLCAM260-140822,PUENTE NUEVO COAHUILA,LÓTICO (HUMEDAL),2022-08-08,2022,16.0,1100.0,1100.0,46.0,15.36,23.42,1.0,1.0
10,DLCAM281,DLCAM281-140822,IGNACIO ZARAGOZA,LÓTICO (HUMEDAL),2022-08-09,2022,24.0,2400.0,1100.0,95.2,11.28,19.52,1.0,1.0
11,DLCAM283,DLCAM283-140822,CANDELARIA PUENTE AGUAS ABAJO DEL POBLADO,LÓTICO,2022-08-09,2022,18.0,210.0,120.0,56.7,14.07,21.47,1.0,1.0
12,DLCAM284,DLCAM284-140822,VENUSTIANO CARRANZA,LÓTICO (HUMEDAL),2022-08-09,2022,12.0,43.0,43.0,82.8,15.33,24.4,1.0,1.0
13,DLCAM280,DLCAM280-140822,CANDELARIA,LÓTICO,2022-08-09,2022,14.0,75.0,75.0,94.2,14.88,24.4,1.0,1.0
14,DLCHI289,DLCHI289-310722,"KM 0+000, PUENTE INTERNACIONAL CIUDAD JUAREZ",LÓTICO,2022-07-25,2022,151.8,24196.0,24196.0,107.7,4.5,68.0,1.0,1.0
15,DLCHI290,DLCHI290-310722,RIO BRAVO 19,LÓTICO,2022-07-25,2022,284.7,15531.0,61.0,137.1,6.3,10.0,1.0,1.0
16,DLCHI295,DLCHI295-310722,PLANTA SUR,LÓTICO,2022-07-25,2022,17.5,24196.0,24196.0,67.4,22.1,31.26,4.83,1.03
17,DLCHI384,DLCHI384-310722,PUENTE PRESIDIO-OJINAGA,LÓTICO,2022-07-27,2022,735.0,598.0,41.0,97.0,2.0,14.62,1.0,1.0
18,DLCHI294,DLCHI294-310722,PLANTA NORTE,LÓTICO,2022-07-26,2022,517.3,24196.0,24196.0,90.6,8.3,27.52,1.0,1.0
19,DLCHI419,DLCHI419-310722,RH24-5 BRAVO CONCHOS,LÓTICO (HUMEDAL),2022-07-28,2022,1337.5,24196.0,3448.0,106.0,4.3,73.13,1.0,1.0
20,DLCHI381,DLCHI381-310722,RH24-8 BRAVO CONCHOS,LÓTICO (HUMEDAL),2022-07-27,2022,266.7,935.0,75.0,108.3,5.2,19.78,1.0,1.0
21,DLCHI385,DLCHI385-310722,RIO BRAVO 18,LÓTICO,2022-07-27,2022,116.2,242.0,10.0,97.0,4.0,10.0,1.0,1.0
22,DLCHI427,DLCHI427-310722,RIO SAN PEDRO-PUENTE MEOQUI,LÓTICO (HUMEDAL),2022-07-28,2022,17.4,4884.0,20.0,138.1,2.0,10.0,1.0,1.0
23,DLCOA436,DLCOA436-180922,RIO SABINAS 6,LÓTICO (HUMEDAL),2022-09-13,2022,24.6,2613.0,52.0,112.2,2.0,10.0,1.0,1.0
24,DLCOA439,DLCOA439-180922,RIO SABINAS 4,LÓTICO (HUMEDAL),2022-09-13,2022,26.4,2909.0,20.0,111.8,2.0,10.0,1.0,1.0
25,DLCOA441,DLCOA441-180922,PUENTE RIO SABINAS,LÓTICO (HUMEDAL),2022-09-13,2022,11.9,3448.0,324.0,109.2,2.0,10.0,1.0,1.0
26,DLCOA444,DLCOA444-180922,AGUAS ABAJO DEL POBLADO NUEVA ROSITA,LÓTICO (HUMEDAL),2022-09-13,2022,10.1,2778.0,259.0,102.1,2.0,10.0,1.0,1.0
27,DLCOA445,DLCOA445-180922,AGUAS ARRIBA DEL POBLADO NUEVA ROSITA,LÓTICO (HUMEDAL),2022-09-14,2022,10.0,789.0,20.0,114.5,2.0,10.0,1.0,1.0
28,DLCOA448,DLCOA448-180922,RIO SABINAS 3,LÓTICO (HUMEDAL),2022-09-14,2022,10.0,933.0,84.0,105.3,2.0,10.0,1.0,1.0
29,DLCOA442,DLCOA442-180922,AGUAS ABAJO DE SABINAS,LÓTICO (HUMEDAL),2022-09-13,2022,12.3,5475.0,520.0,99.5,2.0,10.0,1.0,1.0
30,DLCOA449,DLCOA449-180922,RIO SABINAS 2,LÓTICO (HUMEDAL),2022-09-14,2022,10.0,1081.0,10.0,106.8,2.0,10.0,1.0,1.0
31,DLCOA451,DLCOA451-180922,RIO SABINAS 1,LÓTICO (HUMEDAL),2022-09-14,2022,13.2,1500.0,10.0,107.1,2.0,10.0,1.0,1.0
32,DLCOA446,DLCOA446-180922,EN POBLADO DE SAN JUAN DE SABINAS,LÓTICO (HUMEDAL),2022-09-14,2022,10.0,1210.0,20.0,109.1,2.0,10.0,1.0,1.0
34,DLCOA478,DLCOA478-180922,TOMA DE AGUA DE CFE,LÓTICO (HUMEDAL),2022-09-16,2022,24.2,1793.0,20.0,123.4,2.0,10.0,1.0,1.0
35,DLCOA479,DLCOA479-180922,RIO BRAVO 11,LÓTICO,2022-09-16,2022,18.5,2046.0,175.0,136.5,2.0,10.0,1.0,1.0
36,DLCOA468,DLCOA468-021022,"GENERAL MOTORS DE MEXICO, S.A. DE C.V. (C) (AGUAS ARRIBA)",LÓTICO,2022-10-02,2022,28.1,24196.0,24196.0,17.5,94.5,209.33,1.48,1.53
37,DLCOA480,DLCOA480-180922,AGUAS ARRIBA DE CONFLUENCIA CON RIO BRAVO,LÓTICO,2022-09-16,2022,20.0,24196.0,1266.0,109.2,2.0,10.82,1.0,1.0
38,DLCOA486,DLCOA486-250922,PARQUE INDUSTRIAL ACUÑA,LÓTICO,2022-09-19,2022,10.0,1872.0,20.0,119.0,2.0,22.57,1.0,1.0
39,DLCOA481,DLCOA481-180922,PUENTE INTERNACIONAL PIEDRAS NEGRAS,LÓTICO (HUMEDAL),2022-09-16,2022,20.0,2359.0,279.0,128.8,2.0,10.0,1.0,1.0
40,DLCOA484,DLCOA484-250922,RIO BRAVO POBLADO BALCONES,LÓTICO,2022-09-19,2022,10.5,6131.0,144.0,114.1,2.0,10.0,1.0,1.0
41,DLCOA504,DLCOA504-250922,AREA DE PROTECCION DE FLORA Y FAUNA CUATRO CIENEGAS  6,LÓTICO (HUMEDAL),2022-10-31,2022,10.0,2359.0,10.0,94.7,2.0,10.0,1.0,1.0
42,DLCOL535,DLCOL535-280822,MANANTIAL ZACUALPAN,LÓTICO,2022-08-23,2022,10.0,161.0,10.0,86.2,2.0,10.0,1.0,1.0
43,DLCOL540,DLCOL540-280822,PUENTE PUEBLO JUAREZ,LÓTICO (HUMEDAL),2022-08-28,2022,80.7,15531.0,305.0,98.1,2.0,10.0,1.0,1.0
44,DLCOL543,DLCOL543-280822,PLANTA DE TRATAMIENTO CIAPACOV,LÓTICO,2022-08-29,2022,11.1,24196.0,12997.0,46.7,2.0,16.64,1.0,1.0
45,DLCOL539,DLCOL539-280822,EL CHICAL,LÓTICO (HUMEDAL),2022-08-29,2022,107.8,24196.0,1785.0,96.1,22.3,25.79,1.0,1.0
46,DLCOL536,DLCOL536-280822,DERIVADORA PEÑITAS,LÓTICO (HUMEDAL),2022-08-23,2022,650.0,17890.0,5630.0,106.1,2.28,10.0,1.0,1.0
47,DLCOL5538,DLCOL5538-280822,A.P. EL NARANJAL,LÓTICO,2022-08-23,2022,10.0,203.0,189.0,86.1,2.0,10.0,1.0,1.0
48,DLCOL5539,DLCOL5539-280822,A.P OBRA DE TOMA LA LIMA NUEVO NARANJAL,LÓTICO,2022-08-23,2022,11.2,3076.0,1182.0,87.6,2.0,10.0,1.0,1.0
49,DLCOL544,DLCOL544-280822,AGUAS ARRIBA PLANTA DE TRATAMIENTO CIAPACOV,LÓTICO,2022-08-24,2022,36.9,24196.0,24196.0,97.4,2.0,23.41,1.0,1.0
50,DLCOL556,DLCOL556-280822,DESEMBOCADURA RIO COAHUAYANA,LÓTICO - COSTERO (HUMEDAL),2022-08-29,2022,476.0,77010.0,6510.0,62.7,8.7,10.0,1.0,1.0
51,DLCOL563,DLCOL563-280822,AGUAS ABAJO COLONIA RUIZ CORTINEZ,LÓTICO (HUMEDAL),2022-08-25,2022,225.0,15531.0,934.0,96.4,7.8,13.38,1.0,1.0
52,DLCOL578,DLCOL578-110922,AGUAS ARRIBA DEL POBLADO PEÑA COLORADA,LÓTICO,2022-09-06,2022,10.0,5172.0,295.0,111.7,2.0,29.26,1.0,1.0
53,DLCOL579,DLCOL579-110922,AGUAS ABAJO DEL POBLADO PEÑA COLORADA,LÓTICO,2022-09-06,2022,19.0,5172.0,318.0,108.9,2.0,12.54,1.0,1.0
54,DLCOL569,DLCOL569-280822,PUENTE PERIQUILLOS,LÓTICO (HUMEDAL),2022-08-25,2022,210.4,17329.0,3130.0,94.0,5.9,13.38,1.0,1.0
55,DLCOL574,DLCOL574-280822,DERIVADORA JALA 1,LÓTICO,2022-08-28,2022,10.0,9804.0,110.0,96.0,2.0,10.0,1.0,1.0
56,DLDUR634,DLDUR634-091022,RIO PIAXTLA 6,LÓTICO,2022-09-26,2022,10.0,10.0,10.0,100.3,2.0,10.0,1.0,1.0
57,DLEST863,DLEST863-310722,RIO LERMA 54,LÓTICO,2022-07-28,2022,140.0,2400.0,1100.0,10.0,98.2,141.42,1.2,5.15
58,DLEST864,DLEST864-310722,RIO LERMA 4,LÓTICO,2022-07-28,2022,344.0,2400.0,240.0,12.0,65.52,120.33,1.28,5.88
59,DLEST858,DLEST858-310722,PUENTE CARRETERA TOLUCA-NAUCALPAN,LÓTICO (HUMEDAL),2022-07-28,2022,44.0,2400.0,2400.0,10.0,95.4,116.22,1.21,8.2
60,DLEST866,DLEST866-310722,RIO LERMA 43,LÓTICO (HUMEDAL),2022-07-27,2022,148.0,2400.0,460.0,22.8,54.0,93.48,1.18,4.88
61,DLEST867,DLEST867-310722,RIO LERMA 3,LÓTICO,2022-07-27,2022,56.0,2400.0,1100.0,39.5,47.28,70.08,1.0,1.0
62,DLEST865,DLEST865-310722,RH12-1 LERMA,LÓTICO,2022-07-28,2022,52.0,2400.0,460.0,53.0,16.08,32.64,1.0,1.0
63,DLEST868M1,DLEST868M1-310722,PUENTE CARRETERA TOLUCA-PALMILLAS (CORTINA PRESA JOSE ANTONIO ALZATE AGUAS ABAJO),LÓTICO,2022-07-27,2022,68.0,2400.0,460.0,10.7,46.2,70.56,1.0,1.0
64,DLEST872,DLEST872-310722,RIO LERMA 67,LÓTICO,2022-07-27,2022,52.0,2400.0,2400.0,25.7,45.24,74.88,1.0,1.0
65,DLEST873,DLEST873-310722,RIO LERMA 65,LÓTICO,2022-07-27,2022,112.0,2400.0,1100.0,23.5,30.3,75.36,1.0,1.0
66,DLEST879,DLEST879-310722,RIO LERMA 69,LÓTICO (HUMEDAL),2022-07-26,2022,48.0,2400.0,2400.0,10.0,86.0,101.15,1.0,1.0
67,DLEST880,DLEST880-310722,RIO LERMA 7,LÓTICO (HUMEDAL),2022-07-26,2022,68.0,2400.0,2400.0,10.0,40.2,55.68,1.0,1.0
68,DLEST875,DLEST875-310722,RIO LERMA 5,LÓTICO (HUMEDAL),2022-07-26,2022,36.0,1100.0,460.0,10.0,35.04,51.36,1.0,1.0
69,DLEST878,DLEST878-310722,RIO LERMA 6,LÓTICO (HUMEDAL),2022-07-26,2022,70.0,2400.0,2400.0,37.8,54.0,67.2,1.0,1.0
70,DLEST898,DLEST898-070822,SALIDA MANIANTAL AGUA ESCONDIDA EN CANAL HECTOR MARTINEZ DE MEZA,LÓTICO,2022-08-01,2022,20.0,15.0,7.0,53.0,15.33,27.36,1.0,1.0
71,DLEST876,DLEST876-310722,RIO LERMA 68,LÓTICO (HUMEDAL),2022-07-26,2022,74.0,2400.0,2400.0,10.0,55.56,83.61,1.0,1.0
72,DLEST937M1,DLEST937M1-070822,PUENTE DIF SOLIS,LÓTICO,2022-08-02,2022,102.0,150.0,28.0,38.6,98.6,132.93,1.0,1.0
73,DLEST938M1,DLEST938M1-070822,RIO LERMA 11,LÓTICO,2022-08-02,2022,34.0,120.0,120.0,47.1,13.74,24.13,1.0,1.0
74,DLEST940,DLEST940-070822,RIO LERMA 9,LÓTICO,2022-08-03,2022,62.0,2400.0,240.0,49.2,45.72,70.99,1.0,1.0
75,DLEST939,DLEST939-070822,PUENTE SOLIS(DIF),LÓTICO,2022-08-02,2022,80.0,20.0,9.0,59.7,14.22,30.16,1.0,1.0
76,DLGUA1012,DLGUA1012-110922,AGUAS ARRIBA DE LA DESCARGA DE SALAMANCA (DESP.R.LAJA),LÓTICO,2022-09-08,2022,182.8,2419600.0,1732900.0,65.6,22.2,67.15,1.0,1.0
77,DLEST941,DLEST941-070822,RIO LERMA 8,LÓTICO,2022-08-03,2022,18.0,2400.0,460.0,30.3,49.08,72.38,1.0,1.0
78,DLGUA1015,DLGUA1015-110922,RIO LERMA 30,LÓTICO,2022-09-08,2022,693.0,241960.0,241960.0,21.2,22.2,98.18,1.0,1.0
79,DLGUA1018,DLGUA1018-110922,PUEBLO NUEVO (ANTES RIO GUANAJUATO),LÓTICO,2022-09-06,2022,47.7,98040.0,48840.0,97.0,22.6,77.33,1.0,1.0
80,DLGUA1020,DLGUA1020-110922,RIO LERMA 28,LÓTICO,2022-09-07,2022,198.0,488400.0,270000.0,10.7,81.0,149.21,1.0,1.0
81,DLGUA1019,DLGUA1019-110922,CERRO BLANCO,LÓTICO,2022-09-07,2022,241.5,547500.0,517200.0,95.5,73.0,341.79,1.0,1.96
82,DLGUA1022,DLGUA1022-110922,SAN GUILLERMO (DESEP.RIO GUANAJUATO),LÓTICO,2022-09-07,2022,309.5,241960.0,241960.0,13.9,77.5,145.36,1.0,1.48
83,DLGUA1067,DLGUA1067-110922,LEON  (A) AGUAS ARRIBA,LÓTICO,2022-09-12,2022,27.7,2419600.0,2419600.0,46.6,94.0,152.26,2.55,1.0
84,DLGUA1068W1,DLGUA1068W1-110922,LEON  (A) AGUAS ABAJO,LÓTICO,2022-11-14,2022,479.0,241960.0,241960.0,20.9,134.0,1731.5,2.55,31.25
85,DLGUA1087,DLGUA1087-110922,GUANAJUATO,LÓTICO,2022-09-11,2022,10.0,24196.0,24196.0,55.1,2.0,24.24,1.0,1.0
86,DLGUA1144,DLGUA1144-070822,PENJAMO,LÓTICO,2022-08-03,2022,86.0,12230.0,4570.0,47.2,10.3,66.82,1.0,1.0
87,DLGUA1145,DLGUA1145-070822,RIO LERMA 17,LÓTICO,2022-08-03,2022,304.4,15530.0,13330.0,30.2,2.0,96.72,1.0,1.0
88,DLGUA1148,DLGUA1148-180922,RIO LERMA 35,LÓTICO,2022-09-15,2022,130.5,3255.0,794.0,46.2,9.9,28.29,1.0,1.0
89,DLGUA1149,DLGUA1149-180922,RIO LERMA 36,LÓTICO,2022-09-15,2022,99.4,17329.0,9804.0,40.7,8.4,36.13,1.0,1.0
90,DLGUA1157,DLGUA1157-180922,RIO LERMA 15,LÓTICO,2022-09-13,2022,16.1,2481.0,41.0,152.2,2.0,26.16,1.0,1.0
91,DLGUA1151,DLGUA1151-180922,ACAMBARO (PUENTE FERROCARIL),LÓTICO,2022-09-15,2022,30.5,15531.0,12997.0,42.3,2.0,11.65,1.0,1.0
92,DLGUA1171,DLGUA1171-180922,RIO LERMA 37,LÓTICO,2022-09-16,2022,36.5,9804.0,3076.0,53.0,7.8,19.14,1.0,1.0
93,DLGUA1176,DLGUA1176-180922,ARMADILLO,LÓTICO,2022-09-16,2022,37.3,2755.0,422.0,60.1,8.2,17.47,1.0,1.0
94,DLGUA1156,DLGUA1156-180922,RIO LERMA 34 (AGUA CALIENTE 1),LÓTICO,2022-09-13,2022,13.5,24196.0,24196.0,68.2,2.0,10.0,1.0,1.0
95,DLGUA1177,DLGUA1177-180922,RIO LERMA 24,LÓTICO,2022-09-16,2022,76.1,24196.0,3873.0,27.2,8.1,16.64,1.0,1.0
96,DLGUA1172,DLGUA1172-180922,EJIDO DE LA ANGOSTURA,LÓTICO,2022-10-06,2022,60.0,24196.0,24196.0,56.4,13.3,31.44,1.0,1.0
97,DLGUA1175,DLGUA1175-180922,RIO LERMA 45,LÓTICO,2022-09-16,2022,72.2,24196.0,15531.0,48.2,8.2,12.48,1.0,1.0
98,DLGUA1180,DLGUA1180-250922,RIO LERMA 26,LÓTICO,2022-10-05,2022,21.4,5475.0,683.0,46.0,66.0,88.44,1.0,1.0
100,DLGUA1178,DLGUA1178-250922,SANTA JULIA,LÓTICO,2022-10-06,2022,183.4,7030.0,1990.0,43.5,12.4,28.42,1.0,1.0
101,DLGUA957,DLGUA957-210822,RIO LERMA 19,LÓTICO,2022-08-18,2022,778.6,141360.0,111990.0,94.0,21.5,27.59,1.0,1.0
102,DLGUE1222,DLGUE1222-310722,RH20-1 COSTA CHICA-RIO VERDE,LÓTICO,2022-07-26,2022,860.6,24000.0,210.0,48.3,2.0,22.88,1.0,1.0
103,DLGUE1223,DLGUE1223-310722,RIO PAPAGAYO 10,LÓTICO,2022-07-26,2022,1125.3,24000.0,750.0,51.1,2.0,17.88,1.0,1.0
104,DLGUE1229,DLGUE1229-310722,RIO PAPAGAYO 8,LÓTICO (HUMEDAL),2022-07-27,2022,396.3,11000.0,2400.0,54.8,2.0,32.88,1.0,1.0
105,DLGUE1226,DLGUE1226-310722,RIO PAPAGAYO 12,LÓTICO (HUMEDAL),2022-07-26,2022,1308.7,24000.0,90.0,54.6,2.0,28.71,1.0,1.0
106,DLGUE1227,DLGUE1227-310722,DESEMBOCADURA RIO PAPAGAYO 11,LÓTICO - COSTERO (HUMEDAL),2022-07-26,2022,790.6,24000.0,24000.0,51.8,2.0,43.71,1.0,1.0
107,DLGUE1230,DLGUE1230-310722,RIO PAPAGAYO 7,LÓTICO,2022-07-27,2022,438.1,24000.0,11000.0,54.9,2.0,24.96,1.0,1.0
108,DLGUE1231,DLGUE1231-310722,RIO PAPAGAYO 6,LÓTICO (HUMEDAL),2022-07-27,2022,372.7,11000.0,4600.0,56.0,2.0,38.29,1.0,1.0
109,DLGUE1228,DLGUE1228-310722,RIO PAPAGAYO 9,LÓTICO,2022-07-27,2022,380.0,4600.0,1500.0,54.4,2.0,29.54,1.0,1.0
110,DLGUE1234,DLGUE1234-310722,RIO PAPAGAYO 5,LÓTICO,2022-07-28,2022,346.8,24000.0,24000.0,55.0,2.0,28.29,1.0,1.0
111,DLGUE1241,DLGUE1241-310722,RIO PAPAGAYO 2,LÓTICO,2022-07-28,2022,462.2,24000.0,24000.0,55.6,2.0,39.13,1.0,1.0
112,DLGUE1239,DLGUE1239-310722,PUENTE LAS HORQUETAS,LÓTICO,2022-07-26,2022,1325.0,24000.0,430.0,53.8,2.0,39.13,1.0,1.0
113,DLGUE1238,DLGUE1238-310722,PUENTE PAPAGAYO,LÓTICO,2022-07-28,2022,1262.0,24000.0,24000.0,62.8,2.0,23.71,1.0,1.0
114,DLGUE1240,DLGUE1240-310722,RIO PAPAGAYO 3,LÓTICO,2022-07-28,2022,2540.0,24000.0,24000.0,68.7,2.0,77.46,1.0,1.0
115,DLGUE1243,DLGUE1243-310722,RIO PAPAGAYO 4,LÓTICO,2022-07-28,2022,2618.4,24000.0,24000.0,55.4,2.0,38.71,1.0,1.0
116,DLGUE1242,DLGUE1242-310722,RIO PAPAGAYO 1,LÓTICO,2022-07-28,2022,482.8,24000.0,24000.0,51.6,2.0,40.38,1.0,1.0
117,DLGUE1286,DLGUE1286-070822,PUENTE SAN JERONIMO,LÓTICO,2022-08-02,2022,51.0,24000.0,24000.0,71.2,2.0,43.29,1.0,1.0
119,DLGUE1340,DLGUE1340-250922,ZIRANDARO,LÓTICO,2022-09-21,2022,178.0,24000.0,24000.0,79.4,2.0,52.04,1.0,1.0
120,DLGUE1344,DLGUE1344-250922,PUENTE MIGUEL ALEMAN (COYUCA DE CATALAN),LÓTICO (HUMEDAL),2022-09-20,2022,30.0,24000.0,24000.0,79.7,2.0,13.71,1.0,1.0
121,DLGUE1342,DLGUE1342-250922,PUENTE CIUDAD ALTAMIRANO,LÓTICO (HUMEDAL),2022-09-20,2022,22.0,24000.0,24000.0,81.3,2.0,15.79,1.0,1.0
122,DLGUE1373,DLGUE1373-070822,DESEMBOCADURA RIO SANTA CATARINA 2,LÓTICO - COSTERO (HUMEDAL),2022-08-01,2022,212.0,2400.0,430.0,39.9,2.57,48.71,1.0,1.0
123,DLGUE1349,DLGUE1349-250922,RH16-5 BALSAS,LÓTICO (HUMEDAL),2022-09-19,2022,386.7,24000.0,24000.0,81.3,2.14,13.29,1.0,1.0
124,DLGUE1372,DLGUE1372-070822,DESEMBOCADURA RIO SANTA CATARINA 1,LÓTICO - COSTERO (HUMEDAL),2022-08-01,2022,26.0,230.0,90.0,47.6,2.29,45.38,1.0,1.0
125,DLGUE1376,DLGUE1376-070822,RH20-2 COSTA CHICA-RIO VERDE,LÓTICO (HUMEDAL),2022-08-01,2022,412.0,11000.0,4600.0,30.4,2.0,45.79,1.0,1.0
126,DLGUE1382,DLGUE1382-070822,RIO SANTA CATARINA 3,LÓTICO,2022-08-02,2022,765.5,11000.0,4600.0,53.7,2.0,18.29,1.0,1.0
127,DLGUE1387,DLGUE1387-070822,RIO SANTA CATARINA 5,LÓTICO,2022-08-02,2022,421.3,11000.0,4600.0,58.3,2.0,30.79,1.0,1.0
128,DLGUE1381,DLGUE1381-070822,PUENTE MILPILLAS,LÓTICO (HUMEDAL),2022-08-02,2022,710.0,24000.0,930.0,30.9,2.0,13.71,1.0,1.0
129,DLGUE1415,DLGUE1415-070822,PAPALUTLA,LÓTICO,2022-08-03,2022,2312.5,24000.0,24000.0,57.2,2.0,36.63,1.0,1.0
130,DLGUE6482,DLGUE6482-070822,RÍO ATOYAC-A,LÓTICO,2022-08-02,2022,48.0,24000.0,24000.0,68.1,2.0,31.21,1.0,1.0
131,DLGUE1386,DLGUE1386-070822,RIO SANTA CATARINA 4,LÓTICO (HUMEDAL),2022-08-02,2022,506.1,11000.0,2400.0,57.4,2.0,16.63,1.0,1.0
132,DLGUE6483,DLGUE6483-070822,RÍO ATOYAC-B,LÓTICO,2022-08-02,2022,53.0,24000.0,24000.0,70.3,2.0,40.38,1.0,1.0
133,DLHID1491,DLHID1491-040922,RH26-3 PANUCO,LÓTICO,2022-08-30,2022,16.0,2400.0,2400.0,67.3,24.6,34.27,1.0,1.0
134,DLHID1494,DLHID1494-040922,RH26-7 PANUCO,LÓTICO,2022-08-30,2022,38.0,2400.0,1100.0,74.9,46.68,61.88,1.0,1.0
135,DLMIC1521,DLMIC1521-180922,TERMOELECTRICA P. ELIAS CALLES  DESCARGA AL BALSAS,LÓTICO,2022-09-15,2022,10.0,280.0,210.0,65.3,2.0,26.21,1.0,1.0
137,DLMIC1530,DLMIC1530-280822,RIO BALSAS PUENTE IGNACIO CHAVEZ,LÓTICO (HUMEDAL),2022-10-04,2022,14.2,10462.0,262.0,75.2,2.0,11.7,1.0,1.0
138,DLMIC1549,DLMIC1549-180922,RIO BALSAS 5,LÓTICO,2022-09-14,2022,10.0,230.0,30.0,65.8,2.0,41.21,1.0,1.0
139,DLMIC1533M1,DLMIC1533M1-280822,AGUAS ARRIBA OBRA DE TOMA,LÓTICO,2022-10-05,2022,10.0,19863.0,9804.0,84.1,2.0,10.0,1.0,1.0
140,DLMIC1548,DLMIC1548-180922,RIO BALSAS CORRIENTE IZQ PUENTE,LÓTICO - COSTERO (HUMEDAL),2022-09-14,2022,10.0,24000.0,4600.0,62.2,2.0,45.79,1.0,1.0
141,DLMIC1552,DLMIC1552-180922,RIO BALSAS 7,LÓTICO (HUMEDAL),2022-09-14,2022,10.0,24000.0,11000.0,65.1,2.0,39.13,1.0,1.0
142,DLMIC1554,DLMIC1554-180922,RIO BALSAS 8,LÓTICO,2022-09-15,2022,10.0,11000.0,2100.0,65.9,2.0,24.54,1.0,1.0
143,DLMIC1561,DLMIC1561-180922,RIO BALSAS 11,LÓTICO (HUMEDAL),2022-09-13,2022,10.0,90.0,30.0,50.1,2.0,26.21,1.0,1.0
144,DLMIC1564,DLMIC1564-180922,RIO BALSAS 13,LÓTICO (HUMEDAL),2022-09-12,2022,10.0,230.0,90.0,57.7,2.0,27.04,1.0,1.0
145,DLMIC1563,DLMIC1563-180922,RIO BALSAS 12,LÓTICO (HUMEDAL),2022-09-12,2022,10.0,40.0,30.0,55.1,2.0,29.96,1.0,1.0
146,DLMIC1566,DLMIC1566-180922,RIO BALSAS 14,LÓTICO (HUMEDAL),2022-09-12,2022,10.0,230.0,40.0,52.7,2.0,28.29,1.0,1.0
147,DLMIC1567,DLMIC1567-070822,RIO BALSAS 15,LÓTICO (HUMEDAL),2022-08-05,2022,10.0,230.0,90.0,52.8,2.0,29.54,1.0,1.0
148,DLMIC1568,DLMIC1568-070822,RIO BALSAS 16,LÓTICO (HUMEDAL),2022-08-05,2022,10.0,230.0,40.0,57.3,2.0,16.63,1.0,1.0
149,DLMIC1569,DLMIC1569-070822,RIO BALSAS 17,LÓTICO (HUMEDAL),2022-08-05,2022,10.0,230.0,90.0,50.3,2.0,19.96,1.0,1.0
150,DLMIC1570,DLMIC1570-070822,RIO BALSAS 18,LÓTICO (HUMEDAL),2022-08-05,2022,10.0,430.0,230.0,52.9,2.0,18.29,1.0,1.0
151,DLMIC1571,DLMIC1571-070822,RIO BALSAS 19,LÓTICO (HUMEDAL),2022-08-04,2022,10.0,4600.0,2400.0,66.5,2.0,29.96,1.0,1.0
152,DLMIC1574,DLMIC1574-070822,RIO BALSAS 22,LÓTICO (HUMEDAL),2022-08-04,2022,10.0,140.0,90.0,68.3,2.0,34.54,1.0,1.0
153,DLMIC1573,DLMIC1573-070822,RIO BALSAS 21,LÓTICO (HUMEDAL),2022-08-04,2022,10.0,40.0,30.0,66.7,2.0,32.04,1.0,1.0
154,DLMIC1582,DLMIC1582-180922,RIO BALSAS 6,LÓTICO,2022-09-15,2022,10.0,930.0,430.0,60.4,2.0,28.71,1.0,1.0
155,DLMIC1583,DLMIC1583-180922,RIO BALSAS 4,LÓTICO,2022-09-15,2022,10.0,390.0,230.0,57.7,2.0,29.54,1.0,1.0
157,DLMIC1585,DLMIC1585-180922,RIO BALSAS CORRIENTE IZQUIERDA - ALBATROS,LÓTICO - COSTERO (HUMEDAL),2022-09-14,2022,10.0,24000.0,24000.0,64.2,2.0,43.29,1.0,1.0
158,DLMIC1590,DLMIC1590-280822,RIO LERMA 18,LÓTICO (HUMEDAL),2022-08-26,2022,20.1,5172.0,199.0,33.6,11.1,42.03,1.0,1.0
159,DLMIC1595,DLMIC1595-280822,RIO LERMA 56,LÓTICO,2022-08-25,2022,300.0,20980.0,8200.0,58.6,9.2,56.31,1.0,1.0
160,DLMIC1596,DLMIC1596-280822,RIO LERMA 57,LÓTICO,2022-08-25,2022,305.0,48840.0,19040.0,55.3,25.4,53.23,1.0,1.0
161,DLMIC1607,DLMIC1607-210822,RIO LERMA 58,LÓTICO,2022-08-16,2022,80.3,17329.0,15531.0,107.4,17.4,68.87,1.0,1.0
162,DLMIC1608,DLMIC1608-210822,RIO LERMA 59,LÓTICO,2022-08-16,2022,75.6,12590.0,9600.0,50.2,15.4,48.62,1.0,1.0
163,DLMIC1598,DLMIC1598-110922,YURECUARO,LÓTICO,2022-08-25,2022,477.5,34480.0,10860.0,52.9,19.1,63.23,1.0,1.0
164,DLMIC1609,DLMIC1609-210822,AGUA ARRIBA DE LA PIEDAD,LÓTICO,2022-08-16,2022,159.8,68670.0,64880.0,41.8,16.7,72.62,1.0,1.0
165,DLMIC1614,DLMIC1614-210822,AGUA ABAJO DE LA PIEDAD (CASETA DE COBRO),LÓTICO,2022-08-16,2022,78.7,24196.0,24196.0,16.3,12.0,48.51,1.0,1.0
166,DLMIC1620,DLMIC1620-280822,RIO COAHUAYANA SAN VICENTE,LÓTICO,2022-08-24,2022,262.3,15390.0,1600.0,82.0,15.7,19.23,1.0,1.0
167,DLMIC1606,DLMIC1606-210822,RIO LERMA 40,LÓTICO,2022-08-18,2022,791.4,241960.0,193290.0,62.4,16.7,26.75,1.0,1.0
168,DLMIC1622,DLMIC1622-280822,PUENTE COHUAYANA,LÓTICO (HUMEDAL),2022-08-24,2022,388.7,17850.0,2690.0,91.4,14.8,19.23,1.0,1.0
169,DLMIC1618,DLMIC1618-210822,RIO LERMA 61,LÓTICO,2022-08-17,2022,30.3,5794.0,373.0,82.2,18.1,21.74,1.0,1.0
170,DLMIC1621,DLMIC1621-280822,RIO COAHUAYANA 3,LÓTICO (HUMEDAL),2022-08-24,2022,323.7,17930.0,2560.0,82.0,15.2,64.77,1.0,1.0
171,DLMIC1619,DLMIC1619-210822,RIO LERMA 60,LÓTICO,2022-08-18,2022,1485.7,155310.0,141360.0,94.0,37.4,110.15,1.0,1.0
172,DLMIC1636,DLMIC1636-280822,RODILLA DEL DIABLO,LÓTICO,2022-10-04,2022,10.0,1467.0,813.0,101.8,2.0,10.0,1.0,1.0
173,DLMIC1617,DLMIC1617-210822,RIO LERMA 62,LÓTICO,2022-08-16,2022,10.1,14136.0,2187.0,83.4,17.4,37.33,1.0,1.0
174,DLMIC1624,DLMIC1624-280822,DESEMBOCADURA  RIO COAHUAYANA 2,LÓTICO - COSTERO,2022-08-29,2022,530.5,48840.0,4080.0,62.9,2.0,10.0,1.0,1.0
175,DLMIC1671,DLMIC1671-070822,RIO LERMA 38,LÓTICO,2022-08-03,2022,243.4,32550.0,14210.0,49.3,11.4,111.38,1.0,1.0
176,DLMIC1669,DLMIC1669-070822,RIO LERMA 22,LÓTICO,2022-08-04,2022,73.7,24196.0,24196.0,65.6,15.7,21.84,1.0,1.0
177,DLMIC1664,DLMIC1664-070822,RIO LERMA 49,LÓTICO,2022-08-05,2022,119.8,14136.0,8664.0,41.1,23.5,41.44,1.0,1.0
178,DLMIC1667,DLMIC1667-070822,RIO LERMA 47,LÓTICO,2022-08-04,2022,67.9,24196.0,6131.0,71.0,23.7,51.51,1.0,1.0
179,DLMIC1649,DLMIC1649-280822,LA PASTORIA (CUPATITZIO),LÓTICO (HUMEDAL),2022-10-04,2022,10.0,578.0,63.0,101.6,2.0,10.0,1.0,1.0
180,DLMIC1675,DLMIC1675-070822,CORRALES LSP,LÓTICO,2022-08-05,2022,111.2,224700.0,57600.0,41.1,36.4,56.72,1.0,1.0
181,DLMIC1717,DLMIC1717-070822,LA MINTZITA 2,LÓTICO (HUMEDAL),2022-08-02,2022,10.0,98.0,51.0,71.7,2.0,10.0,1.0,1.0
182,DLMIC1730,DLMIC1730-310722,MORELIA  (A) AGUAS ARRIBA,LÓTICO,2022-07-29,2022,174.4,241960.0,241960.0,78.9,20.5,74.0,1.0,1.0
183,DLMIC1731,DLMIC1731-310722,MORELIA  (A) AGUAS ABAJO,LÓTICO,2022-07-29,2022,215.4,24196.0,24196.0,41.4,21.8,55.95,1.0,1.0
184,DLMIC1748,DLMIC1748-310722,EL GIGANTE,LÓTICO,2022-07-25,2022,398.3,24196.0,24196.0,78.7,4.4,23.74,1.0,1.0
185,DLMIC1749,DLMIC1749-310722,RIO LERMA 12,LÓTICO,2022-07-25,2022,76.2,24196.0,24196.0,79.0,6.96,22.9,1.0,1.0
186,DLMIC1750,DLMIC1750-310722,PUENTE TUNGAREO,LÓTICO,2022-07-25,2022,70.2,24196.0,24196.0,79.2,9.48,11.87,1.0,1.0
187,DLMIC1751,DLMIC1751-310722,RIO LERMA 10,LÓTICO,2022-07-25,2022,65.5,6867.0,1250.0,83.1,7.84,10.18,1.0,1.0
188,DLMIC1752,DLMIC1752-310722,RIO LERMA 70,LÓTICO,2022-07-25,2022,38.3,15531.0,512.0,97.7,8.0,12.72,1.0,1.0
189,DLMIC1764,DLMIC1764-310722,RH12-2 LERMA,LÓTICO,2022-07-27,2022,74.3,24196.0,15531.0,50.5,8.6,55.62,1.0,1.0
190,DLNAY1827,DLNAY1827-040922,RIO AMECA 7 (RIO AMECA AGUAS ARRIBA DE AMATLAN DE CAÑAS),LÓTICO,2022-10-11,2022,46.8,1523.0,216.0,103.0,2.0,10.0,1.0,1.0
191,DLNAY1828,DLNAY1828-040922,RIO AMECA 9 (RIO AMECA AGUAS ABAJO DE AMATLAN DE CAÑAS),LÓTICO,2022-10-11,2022,37.4,1650.0,160.0,113.4,2.0,10.0,1.0,1.0
192,DLNAY1842,DLNAY1842-110922,RH12-10 LERMA (RIO GRANDE SANTIAGO/ LAS YEGUAS),LÓTICO,2022-09-11,2022,16.9,24196.0,131.0,73.6,2.0,10.0,1.0,1.0
193,DLNAY1858,DLNAY1858-040922,RIO GRANDE DE SANTIAGO 22(RIO GRANDE DE SANTIAGO PRESA SAN RAFAEL),LÓTICO,2022-09-30,2022,10.0,9884.0,119.0,72.0,2.0,10.0,1.0,1.0
194,DLNAY1859,DLNAY1859-110922,RIO GRANDE DE SANTIAGO 21 (AGUAMILPA),LÓTICO (HUMEDAL),2022-09-11,2022,28.6,24196.0,278.0,53.8,2.0,10.0,1.0,1.0
195,DLNAY1867,DLNAY1867-040922,EL VENADO,LÓTICO,2022-10-10,2022,50.9,4352.0,489.0,100.9,2.0,10.0,1.0,1.0
196,DLNAY1868,DLNAY1868-040922,RIO SAN PEDRO 16,LÓTICO,2022-10-15,2022,17.2,2489.0,62.0,101.0,4.16,36.21,1.0,1.0
197,DLNAY1870,DLNAY1870-040922,DESP. DE LA DESCARGA MUNICIPAL RUIZ,LÓTICO,2022-10-15,2022,46.9,3654.0,41.0,106.1,2.0,10.0,1.0,1.0
198,DLNAY1874,DLNAY1874-021022,RIO SAN PEDRO 17,LÓTICO,2022-09-22,2022,150.6,15650.0,1550.0,88.6,7.4,13.44,1.0,1.0
199,DLNAY1871,DLNAY1871-040922,RIO SAN PEDRO 19,LÓTICO,2022-10-15,2022,35.7,1236.0,31.0,107.4,2.0,10.0,1.0,1.0
200,DLNAY1875,DLNAY1875-021022,TUXPAN,LÓTICO,2022-09-22,2022,243.0,19560.0,2500.0,90.0,6.4,14.28,1.0,1.0
201,DLNAY1873,DLNAY1873-040922,VADO DE SAN PEDRO,LÓTICO,2022-10-15,2022,42.7,2098.0,63.0,103.6,2.0,10.0,1.0,1.0
202,DLNAY1881W1,DLNAY1881W1-021022,RIO SAN PEDRO 14 ( EMBARCADERO LA BATANGA),LÓTICO - COSTERO (HUMEDAL),2022-09-26,2022,24.1,14136.0,41.0,64.0,2.0,10.0,1.0,1.0
203,DLNAY1882W1,DLNAY1882W1-021022,MEXCALTITAN (EMBARCADERO),LÓTICO - COSTERO (HUMEDAL),2022-09-22,2022,39.7,2613.0,171.0,71.7,2.16,12.6,1.0,1.0
204,DLNAY1879W1,DLNAY1879W1-021022,RH11-1 PRESIDIO-SAN PEDRO ( LA BATANGA),LÓTICO - COSTERO (HUMEDAL),2022-09-26,2022,24.4,5172.0,10.0,58.4,2.0,10.0,1.0,1.0
205,DLNAY1884,DLNAY1884-250922,RIO SAN PEDRO 13,LÓTICO - COSTERO (HUMEDAL),2022-09-26,2022,28.5,8164.0,41.0,58.7,2.0,10.0,1.0,1.0
206,DLNAY1883W1,DLNAY1883W1-250922,MARISMAS NACIONALES 5,LÓTICO - COSTERO (HUMEDAL),2022-09-26,2022,23.8,9804.0,31.0,65.2,2.0,10.0,1.0,1.0
208,DLNAY1890,DLNAY1890-110922,RIO GRANDE DE SANTIAGO 36 (VILLA JUAREZ),LÓTICO,2022-09-07,2022,46.7,6131.0,609.0,92.8,2.0,10.0,1.0,1.0
209,DLNAY1892,DLNAY1892-110922,RIO GRANDE DE SANTIAGO 34 (PUERTA DE MANGOS),LÓTICO,2022-09-07,2022,32.0,9208.0,987.0,87.9,10.4,13.44,1.0,1.0
210,DLNAY1893,DLNAY1893-040922,DESEMBOCADURA DEL RIO AMECA A PLAYA NUEVO VALLARTA,LÓTICO - COSTERO,2022-10-02,2022,119.0,72700.0,17260.0,93.1,7.1,10.0,1.0,1.0
211,DLNAY1896,DLNAY1896-110922,RIO GRANDE DE SANTIAGO 32 (SOBRE EL PUENTE DE LA PRESA SANTIAGO),LÓTICO (HUMEDAL),2022-09-07,2022,25.0,8664.0,2400.0,90.1,4.08,10.0,1.0,1.0
212,DLNAY1899,DLNAY1899-110922,RIO GRANDE DE SANTIAGO 30,LÓTICO,2022-09-09,2022,35.9,15531.0,6867.0,91.9,14.7,16.8,1.0,1.0
213,DLNAY1902,DLNAY1902-110922,RIO GRANDE DE SANTIAGO 28,LÓTICO (HUMEDAL),2022-09-09,2022,17.7,17329.0,5172.0,79.4,2.0,10.0,1.0,1.0
214,DLNAY1906,DLNAY1906-110922,EL JILEÑO,LÓTICO (HUMEDAL),2022-09-09,2022,16.6,10462.0,3076.0,84.8,11.0,13.44,1.0,1.0
215,DLNAY1915,DLNAY1915-110922,RIO GRANDE DE SANTIAGO 37 (BOCA DEL ASADERO),LÓTICO - COSTERO (HUMEDAL),2022-09-07,2022,33.5,6488.0,315.0,68.5,18.3,20.16,1.0,1.0
216,DLNAY1927,DLNAY1927-040922,GAVIOTAS (LAS PALMAS),LÓTICO,2022-10-02,2022,249.4,17329.0,1029.0,98.9,9.2,10.0,1.0,1.0
217,DLNAY1929,DLNAY1929-280822,RIO AMECA 6 (RIO AMECA SAN JOSE DEL VALLE,LÓTICO (HUMEDAL),2022-10-02,2022,130.1,24196.0,2809.0,105.6,8.7,10.0,1.0,1.0
218,DLNAY1928,DLNAY1928-280822,RIO AMECA 8 (RIO AMECA SAN JUAN DE ABAJO),LÓTICO (HUMEDAL),2022-10-02,2022,360.0,57940.0,8690.0,101.2,8.2,11.65,1.0,1.0
219,DLNAY1932,DLNAY1932-040922,JARRETADERAS,LÓTICO (HUMEDAL),2022-10-02,2022,159.9,61310.0,6330.0,94.2,8.6,10.0,1.0,1.0
220,DLNAY1942,DLNAY1942-040922,SAN PEDRO IXCATAN,LÓTICO,2022-10-10,2022,718.0,1291.0,160.0,96.1,2.0,10.0,1.0,1.0
221,DLNAY1959,DLNAY1959-250922,RIO ACAPONETA 4,LÓTICO,2022-09-23,2022,370.6,24196.0,17329.0,86.3,2.0,29.4,1.0,1.0
222,DLNAY1964,DLNAY1964-040922,ACAPONETA (ACAPONETA),LÓTICO,2022-09-29,2022,18.4,6131.0,216.0,112.9,2.0,10.0,1.0,1.0
223,DLNAY1963,DLNAY1963-040922,RIO ACAPONETA 7,LÓTICO,2022-09-29,2022,20.2,6488.0,226.0,106.8,2.0,10.0,1.0,1.0
224,DLNAY1958,DLNAY1958-250922,RIO ACAPONETA TECUALA,LÓTICO,2022-09-23,2022,349.4,54750.0,10710.0,87.1,2.0,16.8,1.0,1.0
225,DLNAY1961,DLNAY1961-250922,RIO ACAPONETA 5,LÓTICO,2022-09-23,2022,254.6,24196.0,10462.0,94.2,2.0,10.92,1.0,1.0
226,DLNAY1968,DLNAY1968-110922,A LA ALTURA DEL POBLADO DE HUAJICORI,LÓTICO,2022-09-08,2022,476.0,13330.0,100.0,101.3,13.1,16.8,1.0,1.0
227,DLNAY1970,DLNAY1970-110922,HUAJICORI II,LÓTICO,2022-09-08,2022,384.8,7940.0,750.0,105.6,11.9,12.6,1.0,1.0
228,DLNAY1972,DLNAY1972-110922,RIO ACAPONETA 13,LÓTICO,2022-09-08,2022,342.6,12100.0,520.0,98.3,11.4,13.44,1.0,1.0
229,DLNAY1973,DLNAY1973-021022,RIO ACAPONETA MILPAS VIEJAS,LÓTICO,2022-09-23,2022,499.6,36540.0,7890.0,86.3,2.0,18.48,1.0,1.0
230,DLNAY1966,DLNAY1966-110922,RIO ACAPONETA 9,LÓTICO,2022-09-08,2022,279.8,14136.0,262.0,99.6,11.8,12.6,1.0,1.0
231,DLNAY1974,DLNAY1974-021022,RIO ACAPONETA 1,LÓTICO (HUMEDAL),2022-09-23,2022,74.7,15531.0,298.0,56.8,2.0,10.0,1.0,1.0
232,DLPUE1976,DLPUE1976-140822,PUEBLA SAN FRANCISCO  (A) AGUAS ARRIBA,LÓTICO,2022-08-12,2022,172.7,24000.0,24000.0,18.3,113.33,259.37,1.19,28.57
233,DLPUE1977,DLPUE1977-140822,DESPUÉS DE LA CONFLUENCIA CON EL RÍO SAN FRANCISCO,LÓTICO,2022-08-12,2022,367.7,24000.0,24000.0,13.4,160.0,382.23,1.77,90.91
234,DLPUE1989,DLPUE1989-140822,LA AUTOPISTA P1 (24),LÓTICO,2022-08-10,2022,416.7,2400.0,930.0,12.3,193.33,533.66,5.38,1.38
235,DLPUE1992M1,DLPUE1992M1-110922,"RA-1 RIO ATOYAC, ANTES TLAHUAPAN (ESTACIÓN TESTIGO)",LÓTICO,2022-09-06,2022,318.2,24000.0,24000.0,55.3,12.5,89.13,1.0,1.0
236,DLPUE2005,DLPUE2005-140822,RIO TECOLUTLA 1,LÓTICO,2022-08-11,2022,29.0,4600.0,2400.0,90.4,2.0,31.63,1.0,1.0
237,DLPUE2007,DLPUE2007-280822,RIO CAZONES 1,LÓTICO,2022-08-26,2022,10.0,11000.0,4600.0,70.3,2.0,38.71,1.0,1.0
238,DLPUE2008,DLPUE2008-280822,LAZARO CARDENAS,LÓTICO,2022-08-26,2022,10.0,11000.0,2100.0,65.6,2.0,39.96,1.0,1.0
239,DLPUE2010,DLPUE2010-280822,RIO CAZONES 5,LÓTICO,2022-08-25,2022,10.0,4600.0,2400.0,69.2,2.0,45.79,1.0,1.0
240,DLPUE2011,DLPUE2011-280822,VILLA AVILA CAMACHO,LÓTICO,2022-08-26,2022,10.0,2400.0,1500.0,61.2,3.17,35.79,1.0,1.0
241,DLPUE2014M1,DLPUE2014M1-110922,SANTA MARÍA CORONANGO,LÓTICO,2022-09-09,2022,14.0,24000.0,1500.0,17.6,5.17,62.46,1.0,1.0
242,DLPUE2015,DLPUE2015-110922,ANTES DE LA UNION DEL RIO TLANALAPAN P1(12),LÓTICO,2022-09-07,2022,424.1,24000.0,2100.0,47.8,6.0,83.71,1.0,1.0
243,DLPUE2017,DLPUE2017-110922,PUENTE CARRETERA SAN MARTIN-TLAXCALA P1(15),LÓTICO,2022-09-05,2022,980.0,24000.0,24000.0,49.2,30.0,128.71,1.0,1.0
244,DLPUE2054,DLPUE2054-110922,RIO XOCHIAC AGUAS ABAJO DEL COLECTOR EL CARMEN CONFLUENCIA CON RIO XOCHIAC,LÓTICO,2022-09-08,2022,136.8,24000.0,24000.0,19.7,460.0,796.51,1.0,12.5
245,DLPUE2019M1,DLPUE2019M1-140822,RIO RABANILLO,LÓTICO,2022-08-08,2022,50.6,24000.0,11000.0,16.1,370.0,684.46,1.0,2.47
246,DLPUE2022M1,DLPUE2022M1-140822,BARRANCA HONDA,LÓTICO,2022-08-09,2022,190.0,24000.0,24000.0,12.6,390.0,890.8,1.76,19.61
247,DLPUE2050,DLPUE2050-210822,ATOYAC LA CARMELITA P1 (26),LÓTICO,2022-08-15,2022,261.5,24000.0,24000.0,50.2,63.33,143.71,1.0,1.0
248,DLPUE2053,DLPUE2053-210822,ECHEVERRIA ANTES DE LA PLANTA DE TRATAMIENTO ATOYAC SUR,LÓTICO,2022-08-16,2022,196.4,24000.0,24000.0,32.7,27.0,96.63,1.0,1.0
249,DLPUE2062M1,DLPUE2062M1-110922,ARROYO METLAPANAPA,LÓTICO,2022-09-09,2022,183.9,24000.0,930.0,41.4,76.67,196.51,1.0,1.13
250,DLPUE2063M1,DLPUE2063M1-110922,ARROYO PRIETO,LÓTICO,2022-09-09,2022,274.3,24000.0,1500.0,24.1,50.0,165.09,1.0,1.0
251,DLPUE2074M1,DLPUE2074M1-110922,SANTA MARÍA TEXMELUCAN,LÓTICO,2022-09-07,2022,42.0,24000.0,24000.0,64.5,2.14,34.13,1.0,1.0
252,DLPUE2056,DLPUE2056-210822,AMPLIACIÓN UNIÓN ANTORCHISTA,LÓTICO,2022-08-16,2022,169.0,24000.0,24000.0,22.3,26.67,100.38,1.0,1.0
253,DLPUE2064,DLPUE2064-210822,PUENTE SAN FRANCISCO TOTIMEHUACAN,LÓTICO (HUMEDAL),2022-08-15,2022,54.8,24000.0,24000.0,33.1,46.0,101.21,1.0,1.0
254,DLQUE2133,DLQUE2133-040922,"INFIERNILLO, ESTACION DE AFORO",LÓTICO,2022-09-01,2022,27.5,15531.0,10.0,110.1,2.0,10.0,1.0,1.0
255,DLQUE2149,DLQUE2149-040922,RIO AYUTLA,LÓTICO,2022-09-28,2022,117.1,5172.0,455.0,117.4,2.0,10.0,1.0,1.0
256,DLQUI2266,DLQUI2266-040922,SUBTENIENTE LOPEZ,LÓTICO (HUMEDAL),2022-08-31,2022,10.0,23.0,4.0,42.0,107.8,130.46,1.0,1.0
257,DLQUI2267,DLQUI2267-040922,JUAN SARABIA,LÓTICO (HUMEDAL),2022-08-31,2022,10.0,93.0,23.0,70.1,31.98,53.79,1.0,1.0
258,DLQUI2268,DLQUI2268-040922,RIO HONDO 1,LÓTICO (HUMEDAL),2022-08-31,2022,14.0,9.0,4.0,65.8,24.72,38.56,1.0,1.0
259,DLQUI2272,DLQUI2272-040922,LA UNION II,LÓTICO,2022-08-30,2022,18.0,21.0,4.0,17.4,106.4,142.52,1.0,1.0
260,DLQUI2273,DLQUI2273-040922,RIO HONDO 2,LÓTICO,2022-08-30,2022,12.0,150.0,20.0,19.4,29.64,36.65,1.0,1.0
261,DLQUI2271,DLQUI2271-040922,CACAO,LÓTICO (HUMEDAL),2022-08-31,2022,16.0,43.0,7.0,46.4,28.32,36.65,1.0,1.0
262,DLQUI2274,DLQUI2274-040922,LA UNION I,LÓTICO,2022-08-30,2022,12.0,210.0,43.0,56.1,31.2,38.56,1.0,1.0
263,DLSAN2337,DLSAN2337-040922,CIUDAD RIO VERDE (LA PLANTA),LÓTICO,2022-10-05,2022,10.0,2400.0,1100.0,89.0,5.57,16.66,1.0,1.0
264,DLSAN2351,DLSAN2351-040922,PLANTA DE TRATAMIENTO BIRMANIA (SALIDA),LÓTICO,2022-09-02,2022,10.0,24000.0,24000.0,29.2,8.0,37.04,1.0,1.0
265,DLSAN2336,DLSAN2336-040922,RIO VERDE (SALIDA DE LA CD. RIOVERDE),LÓTICO,2022-10-05,2022,11.0,2400.0,2400.0,41.0,3.37,10.0,1.0,1.0
266,DLSAN2354,DLSAN2354-040922,TOMA DE AGUA POTABLE (D.A.P.A.),LÓTICO,2022-09-02,2022,10.0,930.0,210.0,92.9,2.0,19.96,1.0,1.0
267,DLSAN2378,DLSAN2378-040922,CIENEGAS DE TAMASOPO 1,LÓTICO (HUMEDAL),2022-09-01,2022,10.0,930.0,430.0,38.7,2.0,29.13,1.0,1.0
268,DLSAN2380,DLSAN2380-040922,PUENTE EL AHOGADO,LÓTICO,2022-09-01,2022,10.0,2100.0,750.0,96.0,2.0,27.88,1.0,1.0
269,DLSAN2365,DLSAN2365-040922,ESTACION HIDROMETRICA ADJUNTAS,LÓTICO,2022-09-02,2022,67.0,2400.0,930.0,92.1,2.0,22.04,1.0,1.0
270,DLTAB2416,DLTAB2416-140822,RIO CARRIZAL 3,LÓTICO,2022-08-08,2022,37.5,24196.0,24196.0,88.9,2.0,18.3,1.0,1.0
271,DLTAB2417,DLTAB2417-140822,"FRIGORIFICO Y EMPACADORA DE TABASCO, S.A. DE C.V.",LÓTICO,2022-08-08,2022,24.8,24196.0,12033.0,87.4,2.0,10.0,1.0,1.0
272,DLSAN2369,DLSAN2369-040922,RIO CHOY (PLANTA POTABILIZADORA),LÓTICO,2022-09-02,2022,12.0,750.0,430.0,81.7,2.0,21.21,1.0,1.0
273,DLTAB2419,DLTAB2419-140822,RIO CARRIZAL 1,LÓTICO,2022-08-08,2022,15.8,4611.0,209.0,95.2,2.0,10.0,1.0,1.0
274,DLTAB2412,DLTAB2412-140822,LA SIERRA PUEBLO NUEVO,LÓTICO (HUMEDAL),2022-08-12,2022,748.0,38730.0,32550.0,84.3,4.7,10.0,1.0,1.0
275,DLTAB2422,DLTAB2422-140822,RIO SAMARIA 6,LÓTICO (HUMEDAL),2022-08-09,2022,37.3,3654.0,933.0,89.5,2.0,10.0,1.0,1.0
276,DLTAB2427,DLTAB2427-140822,MEZCALAPA 3,LÓTICO (HUMEDAL),2022-08-09,2022,12.6,4611.0,249.0,79.4,2.0,10.0,1.0,1.0
277,DLTAB2428,DLTAB2428-140822,MEZCALAPA 2,LÓTICO (HUMEDAL),2022-08-09,2022,10.0,6131.0,2595.0,73.8,2.0,10.0,1.0,1.0
278,DLTAB2457,DLTAB2457-040922,BENITO JUAREZ,LÓTICO (HUMEDAL),2022-08-15,2022,10.0,5475.0,1145.0,10.0,2.0,12.54,1.0,1.0
279,DLTAB2455,DLTAB2455-040922,SAN FELIPE 1,LÓTICO (HUMEDAL),2022-08-15,2022,10.0,4106.0,393.0,10.0,2.0,11.7,1.0,1.0
280,DLTAB2456,DLTAB2456-040922,RIO NARANJEÑO,LÓTICO (HUMEDAL),2022-08-15,2022,10.0,1464.0,281.0,10.0,2.0,10.0,1.0,1.0
281,DLTAB2461,DLTAB2461-140822,RIO TONALA 31,LÓTICO (HUMEDAL),2022-08-10,2022,10.0,4352.0,2098.0,47.6,2.0,12.48,1.0,1.0
282,DLTAB2458,DLTAB2458-070822,RIO ZANAPA 3,LÓTICO (HUMEDAL),2022-08-07,2022,10.4,11199.0,168.0,28.3,2.0,14.28,1.0,1.0
283,DLTAB2460,DLTAB2460-070822,RIO ZANAPA 2,LÓTICO (HUMEDAL),2022-08-07,2022,10.0,2613.0,84.0,28.8,2.0,13.31,1.0,1.25
284,DLTAB2462,DLTAB2462-140822,LA VENTA,LÓTICO (HUMEDAL),2022-08-10,2022,10.0,1187.0,420.0,49.2,2.0,21.63,1.0,1.0
285,DLTAB2463,DLTAB2463-140822,RIO TONALA 6,LÓTICO (HUMEDAL),2022-08-10,2022,10.0,933.0,122.0,57.6,2.0,38.95,1.0,1.0
286,DLTAB2464,DLTAB2464-140822,RIO TONALA 7,LÓTICO (HUMEDAL),2022-08-10,2022,10.0,2755.0,181.0,81.9,2.0,36.38,1.0,1.0
287,DLTAB2493,DLTAB2493-250922,DESEMBOCADURA RIO GRIJALVA,LÓTICO - COSTERO (HUMEDAL),2022-09-22,2022,18.0,93.0,23.0,63.8,22.92,28.8,1.0,1.0
288,DLTAB2480,DLTAB2480-250922,RIO GONZALEZ 9,LÓTICO (HUMEDAL),2022-09-21,2022,38.0,210.0,210.0,80.1,15.45,24.96,1.0,1.0
289,DLTAB2490,DLTAB2490-250922,ESTUARIO CRUCE FRONTERA (PANGA)(37),LÓTICO (HUMEDAL),2022-09-22,2022,38.0,43.0,23.0,51.6,20.4,25.92,1.0,1.0
290,DLTAB2491,DLTAB2491-250922,RIO GRIJALVA 19,LÓTICO (HUMEDAL),2022-09-22,2022,60.0,1100.0,240.0,64.9,15.54,21.6,1.0,1.0
291,DLTAB2497,DLTAB2497-250922,RIO GRIJALVA 17,LÓTICO (HUMEDAL),2022-09-22,2022,56.0,240.0,240.0,56.5,19.8,23.52,1.0,1.0
292,DLTAB2498,DLTAB2498-250922,RIO GRIJALVA 18,LÓTICO (HUMEDAL),2022-09-23,2022,22.0,460.0,240.0,52.7,20.88,26.4,1.0,1.0
293,DLTAB2500,DLTAB2500-250922,RIO GRIJALVA 16,LÓTICO (HUMEDAL),2022-09-23,2022,406.0,1100.0,240.0,66.3,24.54,33.4,1.0,1.0
294,DLTAB2501,DLTAB2501-250922,RIO GRIJALVA 15,LÓTICO (HUMEDAL),2022-09-23,2022,192.0,240.0,93.0,59.7,30.36,49.85,1.0,1.0
295,DLTAB2502,DLTAB2502-250922,RIO GRIJALVA 14,LÓTICO (HUMEDAL),2022-09-20,2022,196.0,1100.0,1100.0,64.1,17.88,26.88,1.0,1.0
296,DLTAB2506,DLTAB2506-250922,EL MANGO,LÓTICO (HUMEDAL),2022-09-21,2022,50.0,150.0,75.0,50.2,12.66,21.12,1.0,1.0
297,DLTAB2503,DLTAB2503-250922,RIO CARRIZAL 4,LÓTICO,2022-09-20,2022,18.0,2400.0,75.0,84.1,21.0,24.0,1.0,1.0
298,DLTAB2504,DLTAB2504-250922,RIO GRIJALVA 3,LÓTICO (HUMEDAL),2022-09-20,2022,182.0,2400.0,1100.0,62.5,27.9,40.8,1.0,1.0
299,DLTAB2507M2,DLTAB2507M2-250922,RIO NACAJUCA 3,LÓTICO (HUMEDAL),2022-09-21,2022,19.0,240.0,240.0,22.2,30.72,45.6,1.0,1.0
300,DLTAB2509,DLTAB2509-250922,RIO GONZALEZ 3,LÓTICO (HUMEDAL),2022-09-21,2022,13.0,460.0,93.0,60.8,22.2,26.4,1.0,1.0
301,DLTAB2515,DLTAB2515-250922,RIO MEZCALAPA(65),LÓTICO,2022-09-20,2022,18.0,1100.0,210.0,76.6,19.98,23.52,1.0,1.0
302,DLTAB2511,DLTAB2511-140822,RIO CARRIZAL 2,LÓTICO,2022-08-08,2022,25.6,4884.0,226.0,98.8,2.0,10.0,1.0,1.0
303,DLTAB2514,DLTAB2514-070822,MEZCALAPA 1,LÓTICO,2022-08-07,2022,10.0,2359.0,86.0,57.3,2.0,10.0,1.0,1.0
304,DLTAB2522,DLTAB2522-070822,RIO CHILAPA 1,LÓTICO (HUMEDAL),2022-08-02,2022,20.5,1014.0,189.0,85.6,2.0,10.0,1.0,1.0
305,DLTAB2516,DLTAB2516-140822,TEAPA,LÓTICO (HUMEDAL),2022-08-12,2022,532.5,54750.0,36540.0,98.1,7.3,47.59,1.0,1.0
306,DLTAB2519,DLTAB2519-070822,RIO PUXCATAN,LÓTICO (HUMEDAL),2022-08-05,2022,45.4,2247.0,644.0,86.9,5.3,10.0,1.0,1.0
307,DLTAB2520,DLTAB2520-070822,MACUSPANA,LÓTICO (HUMEDAL),2022-08-02,2022,144.5,24196.0,24196.0,74.1,2.0,10.0,1.0,1.0
308,DLTAB2523,DLTAB2523-070822,RIO CHILAPA 3,LÓTICO (HUMEDAL),2022-08-02,2022,21.8,880.0,203.0,85.7,2.0,10.0,1.0,1.0
309,DLTAB2529,DLTAB2529-070822,RIO USUMACINTA 43,LÓTICO (HUMEDAL),2022-08-04,2022,268.5,3448.0,867.0,94.2,2.0,10.0,1.0,1.0
310,DLTAB2530,DLTAB2530-070822,RIO USUMACINTA 6,LÓTICO (HUMEDAL),2022-08-05,2022,175.1,2481.0,441.0,92.5,9.9,15.12,1.0,1.0
311,DLTAB2528,DLTAB2528-070822,RIO USUMACINTA 8,LÓTICO,2022-08-05,2022,179.2,2247.0,450.0,91.8,4.8,10.0,1.0,1.0
312,DLTAB2535,DLTAB2535-070822,RIO SAN PEDRO 9,LÓTICO (HUMEDAL),2022-08-03,2022,10.0,148.0,52.0,79.8,2.0,10.0,1.0,1.0
313,DLTAB2527,DLTAB2527-070822,PUENTE JONUTA,LÓTICO (HUMEDAL),2022-08-03,2022,145.3,3255.0,323.0,94.0,5.5,10.0,1.0,1.0
314,DLTAB2539,DLTAB2539-070822,RIO USUMACINTA 1,LÓTICO,2022-08-03,2022,256.0,4611.0,712.0,95.6,10.9,12.6,1.0,1.0
315,DLTAB2534,DLTAB2534-070822,RIO SAN PEDRO 8,LÓTICO (HUMEDAL),2022-08-03,2022,10.0,327.0,41.0,85.7,2.0,10.0,1.0,1.0
316,DLTAB5554,DLTAB5554-240722,MANATI 3,LÓTICO,2022-07-18,2022,32.8,2359.0,73.0,32.1,2.0,19.78,1.0,1.0
317,DLTAB5555,DLTAB5555-240722,MANATI 4,LÓTICO,2022-07-18,2022,20.9,1162.0,41.0,28.2,2.0,11.54,1.0,1.0
318,DLTAB2531,DLTAB2531-070822,RIO USUMACINTA 5,LÓTICO,2022-08-04,2022,147.6,3441.0,457.0,94.0,2.0,10.0,1.0,1.0
319,DLTAB5561,DLTAB5561-240722,MANATI 10,LÓTICO,2022-07-20,2022,10.0,97.0,10.0,20.0,2.0,10.0,1.0,1.0
320,DLTAB2532,DLTAB2532-070822,RIO USUMACINTA 4,LÓTICO,2022-08-04,2022,198.3,748.0,388.0,93.8,2.0,10.0,1.0,1.0
321,DLTAB2533,DLTAB2533-070822,RIO USUMACINTA 3,LÓTICO,2022-08-04,2022,180.4,2603.0,548.0,93.9,2.0,10.0,1.0,1.0
322,DLTAB2540,DLTAB2540-070822,RIO USUMACINTA 2,LÓTICO,2022-08-03,2022,179.0,3448.0,408.0,94.7,5.6,10.0,1.0,1.0
323,DLTAB5552,DLTAB5552-240722,MANATI 1,LÓTICO,2022-07-18,2022,10.0,1046.0,51.0,10.0,2.0,10.0,1.0,1.0
324,DLTAB5553,DLTAB5553-240722,MANATI 2,LÓTICO,2022-07-18,2022,25.4,987.0,10.0,31.5,2.0,13.18,1.0,1.0
325,DLTAB5556,DLTAB5556-240722,MANATI 5,LÓTICO,2022-07-19,2022,51.7,3255.0,20.0,67.7,11.8,14.01,1.0,1.0
326,DLTAB5562,DLTAB5562-240722,MANATI 11,LÓTICO,2022-07-21,2022,10.0,432.0,223.0,10.0,2.0,27.19,1.0,1.0
327,DLTAB5563,DLTAB5563-240722,MANATI 12,LÓTICO,2022-07-21,2022,24.9,2359.0,1414.0,22.4,4.88,23.07,1.0,3.3
328,DLTLA2546,DLTLA2546-310722,TLAPALAC ANTES DE CONFLUENCIA CON RIO ATOYAC,LÓTICO,2022-07-27,2022,81.8,24000.0,24000.0,25.6,220.0,350.8,3.03,4.24
329,DLTLA2544,DLTLA2544-140822,ATOYAC-PANZACOLA,LÓTICO,2022-08-09,2022,78.7,24000.0,24000.0,46.6,96.67,182.23,1.0,3.72
330,DLTAB5557,DLTAB5557-240722,MANATI 6,LÓTICO,2022-07-19,2022,42.7,1153.0,81.0,39.7,2.0,14.83,1.0,1.0
331,DLTAB5558,DLTAB5558-240722,MANATI 7,LÓTICO,2022-07-20,2022,10.9,161.0,73.0,60.4,2.0,10.0,1.0,1.0
332,DLTAB5564,DLTAB5564-240722,MANATI 13,LÓTICO,2022-07-20,2022,38.3,173.0,63.0,35.3,2.0,10.0,1.0,1.0
333,DLTAB5565,DLTAB5565-240722,MANATI 14,LÓTICO,2022-07-19,2022,10.0,1935.0,109.0,10.0,2.0,11.54,1.0,1.0
334,DLTAB5559,DLTAB5559-240722,MANATI 8,LÓTICO,2022-07-21,2022,10.0,146.0,31.0,113.6,2.0,10.0,1.0,1.0
335,DLTAB5560,DLTAB5560-240722,MANATI 9,LÓTICO,2022-07-20,2022,19.6,75.0,10.0,22.4,2.0,16.48,1.0,1.0
336,DLZAC2638M1,DLZAC2638M1-140822,SAN FRANCISCO DE LOS GALLARDO,LÓTICO,2022-08-11,2022,54.9,1607.0,10.0,113.0,5.5,43.56,1.0,1.0
337,DLZAC2639M1,DLZAC2639M1-140822,EL CAZADERO,LÓTICO,2022-08-11,2022,56.1,11199.0,52.0,13.7,5.2,11.08,1.0,1.0
338,MET-011A,MET-011A-310722,BAMORI RÍO SONORA,LÓTICO,2022-07-26,2022,7583.3,24196.0,14136.0,83.6,9.7,344.74,1.0,1.0
339,MET-003,MET-003-310722,RÍO BACANUCHI LA TRAMPA,LÓTICO,2022-07-25,2022,88.5,1658.0,1274.0,90.0,2.0,10.0,1.0,1.0
340,MET-039,MET-039-140822,BAVIÁCORA RÍO SONORA,LÓTICO,2022-10-03,2022,152.0,2046.0,269.0,98.2,2.0,10.0,1.0,1.0
341,MET-018,MET-018-140822,TAJO DE MANAMICHI,LÓTICO,2022-08-09,2022,10.0,8164.0,272.0,59.0,2.0,10.0,1.0,1.0
342,MET-053,MET-053-070822,EL ORÉGANO RÍO SONORA,LÓTICO,2022-08-20,2022,6042.0,155310.0,22470.0,88.3,15.3,26.62,1.0,1.0
343,MET-040,MET-040-210822,LA CAPILLA RÍO SONORA,LÓTICO,2022-08-16,2022,560.7,8300.0,620.0,94.0,8.2,29.26,1.0,1.0
344,MET-041,MET-041-210822,EL MOLINOTE RÍO SONORA,LÓTICO,2022-08-16,2022,535.3,6200.0,1070.0,93.7,4.9,16.72,1.0,1.0
345,MET-043,MET-043-210822,LA LABOR RÍO SONORA,LÓTICO,2022-10-04,2022,151.8,1500.0,450.0,100.2,7.9,10.0,1.0,1.0
346,MET-045,MET-045-210822,SAN RAFAEL DE URES RÍO SONORA,LÓTICO,2022-08-20,2022,6014.0,120330.0,22470.0,83.8,15.3,24.13,1.0,1.0
347,MET-042,MET-042-210822,LA AURORA RÍO SONORA,LÓTICO,2022-10-04,2022,136.0,663.0,323.0,104.9,2.0,10.0,1.0,1.0
348,OCAVM2766,OCAVM2766-210822,RIO BUEN AVENTURA,LÓTICO (HUMEDAL),2022-08-18,2022,156.0,2400.0,2400.0,10.0,258.7,324.15,1.0,4.35
349,OCCCN5215M1,OCCCN5215M1-180922,EL PALMITO,LÓTICO,2022-09-14,2022,10.0,583.0,31.0,92.2,2.0,10.0,1.0,1.0
350,OCCCN5223M1,OCCCN5223M1-021022,AGUSTIN MELGAR,LÓTICO,2022-09-30,2022,10.0,3255.0,31.0,92.1,2.0,10.0,1.0,1.0
351,OCCCN5216M1,OCCCN5216M1-021022,RODEO,LÓTICO,2022-10-07,2022,111.2,24196.0,5794.0,77.8,6.8,10.0,1.0,1.0
352,OCCCN5235M1,OCCCN5235M1-070822,PARQUE ESTATAL CAÑON DE FERNANDEZ 1,LÓTICO (HUMEDAL),2022-08-04,2022,11.1,4352.0,10.0,34.4,2.0,10.0,1.0,1.0
353,OCCCN5236M1,OCCCN5236M1-070822,PARQUE ESTATAL CAÑON DE FERNANDEZ 3,LÓTICO (HUMEDAL),2022-08-04,2022,11.2,1597.0,10.0,88.8,2.0,10.0,1.0,1.0
354,OCCCN5237M1,OCCCN5237M1-070822,PARQUE ESTATAL CAÑON DE FERNANDEZ 2,LÓTICO (HUMEDAL),2022-08-04,2022,10.0,4360.0,10.0,88.0,2.0,10.0,1.0,1.0
355,OCCCN5281M1,OCCCN5281M1-091022,LA FLOR,LÓTICO,2022-10-04,2022,22.6,3076.0,96.0,96.4,2.0,10.0,1.0,1.0
357,OCFSU2901,OCFSU2901-210822,PARQUE DE ORIENTE,LÓTICO,2022-08-18,2022,32.0,2400.0,2400.0,18.3,31.14,49.98,1.0,1.0
358,OCFSU2902,OCFSU2902-210822,PTAR PASO LIMON  AGUAS ABAJO,LÓTICO,2022-08-18,2022,48.0,460.0,460.0,14.3,44.04,55.69,1.0,1.0
359,OCFSU2899,OCFSU2899-110922,MARIA EUGENIA,LÓTICO (HUMEDAL),2022-09-07,2022,14.0,93.0,4.0,71.5,30.54,45.5,1.0,1.0
360,OCFSU2906,OCFSU2906-210822,AGUAS ARRIBA 100M ANTES DE LA DESCARGA DEL RIO SABINAL,LÓTICO (HUMEDAL),2022-08-16,2022,44.0,2400.0,240.0,55.0,11.52,21.47,1.0,1.0
361,OCFSU2908,OCFSU2908-210822,CIUDAD DEL AGUA,LÓTICO (HUMEDAL),2022-08-15,2022,48.0,1100.0,240.0,37.1,15.96,29.77,1.0,1.0
362,OCFSU2905,OCFSU2905-210822,AGUAS ABAJO 100M DESPUES DE LA DESCARGA DEL RIO SABINAL,LÓTICO (HUMEDAL),2022-08-16,2022,36.0,2400.0,460.0,56.2,16.26,21.96,1.0,1.0
363,OCFSU2911,OCFSU2911-210822,RIO GRIJALVA 22,LÓTICO (HUMEDAL),2022-08-15,2022,12.0,2400.0,2400.0,30.5,23.88,30.74,1.0,1.0
364,OCFSU2910,OCFSU2910-210822,PTAR CHIAPA DE CORZO 100 M A.A. DESCARGA,LÓTICO,2022-08-15,2022,186.0,2400.0,2400.0,32.6,31.08,44.41,1.0,1.0
365,OCFSU2924,OCFSU2924-280822,RIO GRIJALVA 20,LÓTICO (HUMEDAL),2022-08-25,2022,272.0,43.0,43.0,72.1,15.36,24.75,1.0,1.0
366,OCFSU2912,OCFSU2912-210822,AGUAS ABAJO RIO STO. DOMINGO(FTE. TOMA AGUA POTABLE),LÓTICO (HUMEDAL),2022-08-18,2022,136.0,1100.0,1100.0,64.2,25.26,37.13,1.0,1.0
367,OCFSU2913,OCFSU2913-210822,RIO GRIJALVA 21,LÓTICO (HUMEDAL),2022-08-15,2022,20.0,1100.0,1100.0,32.0,20.22,31.72,1.0,1.0
368,OCFSU2923,OCFSU2923-280822,RIO GRIJALVA 3,LÓTICO (HUMEDAL),2022-08-25,2022,100.0,460.0,460.0,70.2,16.47,27.61,1.0,1.0
369,OCFSU2909,OCFSU2909-210822,P.M.E.G.B. AGUAS ABAJO 100 M DESPUES DE LA DESCARGA,LÓTICO,2022-08-15,2022,32.0,1100.0,1100.0,46.2,18.96,32.21,1.0,1.0
370,OCFSU2920,OCFSU2920-280822,RIO SUCHIAPA 4,LÓTICO,2022-08-24,2022,122.0,150.0,43.0,79.3,28.44,31.42,1.0,1.0
371,OCFSU2916,OCFSU2916-280822,PUENTE SANTO DOMINGO,LÓTICO,2022-08-23,2022,88.0,1100.0,240.0,76.2,5.46,24.75,1.0,1.0
372,OCFSU2922,OCFSU2922-280822,AGUAS ARRIBARIO STO.DOM.T.DE AGUA (1KM ANTES C.JULIAN G),LÓTICO,2022-08-23,2022,52.0,2400.0,210.0,76.5,11.49,23.8,1.0,1.0
373,OCFSU2925,OCFSU2925-280822,AGUAS ABAJO FRENTE A LA CORTINA PRESA LA ANGOSTURA,LÓTICO (HUMEDAL),2022-08-25,2022,14.0,93.0,93.0,20.1,16.89,19.52,1.0,1.0
374,OCFSU2921,OCFSU2921-280822,RIO SUCHIAPA 1,LÓTICO,2022-08-24,2022,214.0,1100.0,23.0,79.1,25.62,69.02,1.0,1.0
375,OCFSU2942,OCFSU2942-140822,RIO SAN VICENTE 1,LÓTICO,2022-08-12,2022,50.0,23.0,23.0,47.3,25.92,32.21,1.0,1.0
376,OCFSU2960,OCFSU2960-140822,RIO GRIJALVA 2(25),LÓTICO,2022-08-11,2022,12.0,240.0,240.0,76.9,19.62,27.33,1.0,1.0
377,OCFSU2961,OCFSU2961-140822,RIO GRIJALVA 26,LÓTICO,2022-08-11,2022,1240.0,2400.0,1100.0,83.9,52.81,69.3,1.0,1.0
378,OCFSU2968,OCFSU2968-110922,HUMEDALES DE MONTAÑAS LA KISST 1,LÓTICO (HUMEDAL),2022-09-08,2022,18.0,210.0,210.0,18.9,30.6,44.04,1.0,1.0
379,OCFSU2969,OCFSU2969-110922,HUMEDALES DE MONTAÑAS LA KISST 2,LÓTICO (HUMEDAL),2022-09-08,2022,28.0,460.0,15.0,39.1,31.26,45.01,1.0,1.0
380,OCFSU2966,OCFSU2966-110922,SUMIDERO,LÓTICO,2022-09-08,2022,72.0,4.0,3.0,19.4,43.08,51.3,1.0,1.0
381,OCFSU2967,OCFSU2967-110922,RIO FOGOTICO,LÓTICO,2022-09-07,2022,66.0,1100.0,9.0,91.1,40.08,45.5,1.0,1.0
382,OCFSU2971,OCFSU2971-110922,RIO FOGOTICO AGUAS ABAJO DEL RIO AMARILLO,LÓTICO,2022-09-08,2022,22.0,15.0,3.0,83.8,53.4,64.37,1.0,1.0
383,OCFSU2972,OCFSU2972-110922,RIO AMARILLO,LÓTICO,2022-09-07,2022,104.0,210.0,15.0,90.6,41.28,48.4,1.0,1.0
384,OCFSU2986,OCFSU2986-210822,ARBOL DE NAVIDAD,LÓTICO (HUMEDAL),2022-08-16,2022,26.0,43.0,43.0,92.3,20.28,24.89,1.0,1.0
385,OCFSU2987,OCFSU2987-210822,MIRADOR LA ATALAYA,LÓTICO (HUMEDAL),2022-08-16,2022,22.0,1100.0,240.0,65.4,17.16,27.82,1.0,1.0
386,OCFSU2988,OCFSU2988-210822,CAÑON DEL SUMIDERO ENTRADA,LÓTICO (HUMEDAL),2022-08-16,2022,48.0,1100.0,210.0,62.1,17.94,22.94,1.0,1.0
387,OCFSU2991,OCFSU2991-210822,ARROYO SAN AGUSTIN A.A. DEL RIO SABINAL,LÓTICO,2022-08-18,2022,14.0,150.0,75.0,58.4,15.99,24.28,1.0,1.0
388,OCFSU2996,OCFSU2996-040922,RIO GRIJALVA AGUAS ABAJO CHIACOSEN,LÓTICO,2022-08-29,2022,56.0,2400.0,2400.0,62.3,15.69,22.37,1.0,1.0
389,OCFSU2998,OCFSU2998-180922,RIO GRIJALVA 9,LÓTICO (HUMEDAL),2022-09-14,2022,24.0,43.0,23.0,112.4,26.76,34.46,1.0,1.0
390,OCFSU2999,OCFSU2999-040922,RIO GRIJALVA 8,LÓTICO,2022-08-29,2022,32.0,2400.0,2400.0,66.1,15.3,20.94,1.0,1.0
391,OCFSU3000,OCFSU3000-180922,RIO GRIJALVA 7,LÓTICO (HUMEDAL),2022-09-14,2022,20.0,210.0,120.0,81.3,20.88,27.38,1.0,1.0
392,OCFSU3006,OCFSU3006-180922,PUENTE RAUDALE DE MALPASO (65),LÓTICO,2022-09-14,2022,10.0,15.0,9.0,65.6,15.78,26.9,1.0,1.0
393,OCFSU3050,OCFSU3050-280822,R. SANTO DOMINGO (HERMENEGILDO GALEANA),LÓTICO,2022-08-24,2022,216.0,2400.0,1100.0,63.8,28.5,32.37,1.0,1.0
394,OCFSU3066,OCFSU3066-180922,ROMULO CALZADA,LÓTICO (HUMEDAL),2022-09-14,2022,26.0,2400.0,2400.0,84.6,28.2,32.57,1.0,1.0
395,OCFSU3073,OCFSU3073-250922,RIO USUMACINTA 9,LÓTICO (HUMEDAL),2022-09-24,2022,190.0,2400.0,2400.0,68.9,15.42,23.23,1.0,1.0
396,OCFSU3074,OCFSU3074-140822,RIO GRIJALVA 1,LÓTICO,2022-08-11,2022,904.0,2400.0,150.0,84.3,15.0,29.77,1.0,1.0
398,OCFSU3096,OCFSU3096-140822,RIO COATAN,LÓTICO,2022-08-10,2022,236.0,28.0,28.0,87.6,30.36,51.73,1.0,1.0
399,OCFSU3099,OCFSU3099-140822,RIO COATAN 2,LÓTICO,2022-08-09,2022,194.0,1100.0,460.0,86.2,29.58,44.41,1.0,1.0
400,OCFSU3098,OCFSU3098-140822,RIO COATAN 7,LÓTICO,2022-08-10,2022,32.0,1100.0,240.0,79.0,40.32,52.7,1.0,1.0
401,OCFSU3108,OCFSU3108-140822,RIO SUCHIATE 2,LÓTICO,2022-08-08,2022,22.0,43.0,43.0,75.2,24.66,32.7,1.0,1.0
402,OCFSU3110,OCFSU3110-140822,RIO SUCHIATE 1,LÓTICO,2022-08-08,2022,690.0,1100.0,1100.0,76.8,29.1,37.09,1.0,1.0
403,OCFSU3111,OCFSU3111-140822,RIO SUCHIATE 4,LÓTICO,2022-08-08,2022,494.0,460.0,150.0,74.3,31.32,49.29,1.0,1.0
404,OCFSU3102,OCFSU3102-140822,RIO COATAN 3,LÓTICO,2022-08-09,2022,10.0,93.0,23.0,85.2,15.99,31.72,1.0,1.0
405,OCFSU3115,OCFSU3115-140822,"DESEMBOCADURA DEL RIO SUCHIATE SEG 74, 2 ISA8",LÓTICO - COSTERO (HUMEDAL),2022-08-08,2022,40.0,2400.0,1100.0,76.3,25.26,35.14,1.0,1.0
406,OCFSU3129,OCFSU3129-140822,RIO SUCHIATE 3,LÓTICO,2022-08-09,2022,10.0,460.0,240.0,87.8,32.04,45.87,1.0,1.0
407,OCFSU3113,OCFSU3113-140822,RIO SUCHIATE,LÓTICO,2022-08-08,2022,118.0,2400.0,460.0,87.2,29.76,46.36,1.0,1.0
408,OCFSU3141,OCFSU3141-250922,RIO GRIJALVA 10,LÓTICO (HUMEDAL),2022-09-20,2022,14.0,2400.0,460.0,78.3,18.06,21.6,1.0,1.0
409,OCFSU3152,OCFSU3152-040922,HUMEDALES LA LIBERTAD 2,LÓTICO (HUMEDAL),2022-08-16,2022,10.0,305.0,10.0,102.0,2.0,12.54,1.0,1.0
410,OCFSU3151,OCFSU3151-040922,HUMEDALES LA LIBERTAD 3,LÓTICO (HUMEDAL),2022-08-16,2022,10.0,110.0,10.0,119.8,2.0,25.08,1.0,1.0
411,OCFSU3153,OCFSU3153-040922,HUMEDALES LA LIBERTAD 1,LÓTICO (HUMEDAL),2022-08-16,2022,10.0,613.0,85.0,50.8,2.0,10.0,1.0,1.0
412,OCFSU6484,OCFSU6484-280822,PUENTE MULUMÍ,LÓTICO,2022-08-24,2022,70.0,150.0,93.0,80.7,12.15,19.04,1.0,1.0
413,OCFSU6488,OCFSU6488-280822,RÍO EL TABLÓN I,LÓTICO,2022-08-24,2022,172.0,460.0,43.0,71.3,13.47,22.37,1.0,1.0
415,OCGCE3178,OCGCE3178-250922,SANTA URSULA (REF FAPATUX),LÓTICO (HUMEDAL),2022-08-26,2022,31.9,19863.0,4884.0,96.3,10.3,13.38,1.0,1.0
416,OCGCE3179,OCGCE3179-250922,CHACALTIAGUIS,LÓTICO (HUMEDAL),2022-09-20,2022,81.0,4600.0,930.0,63.7,2.0,15.38,1.0,1.0
417,OCGCE3180,OCGCE3180-250922,TUXTEPEC (FAPATUX),LÓTICO (HUMEDAL),2022-08-26,2022,100.2,24196.0,17329.0,88.9,12.9,25.08,1.0,1.0
418,OCGCE3185,OCGCE3185-280822,TLACOJALPAN,LÓTICO,2022-08-25,2022,26.0,24000.0,24000.0,68.9,2.0,43.71,1.0,1.0
419,OCGCE3181,OCGCE3181-250922,CARLOS A. CARRILLO,LÓTICO (HUMEDAL),2022-09-20,2022,58.0,4600.0,2400.0,60.2,2.0,14.13,1.0,1.0
420,OCGCE3187,OCGCE3187-250922,TUXTEPEC (CERVECERA),LÓTICO (HUMEDAL),2022-08-26,2022,66.3,24196.0,7701.0,96.5,12.1,15.05,1.0,1.0
421,OCGCE3203,OCGCE3203-280822,TLACOTALPAN I,LÓTICO (HUMEDAL),2022-08-25,2022,18.0,24000.0,24000.0,70.0,2.0,60.38,1.0,1.0
422,OCGCE3204,OCGCE3204-280822,PUENTE TLACOTALPAN,LÓTICO (HUMEDAL),2022-08-25,2022,44.0,24000.0,4600.0,70.0,2.0,64.96,1.0,1.0
424,OCGCE3210,OCGCE3210-040922,RIO COATZACOALCOS (EL TRIUNFO),LÓTICO (HUMEDAL),2022-08-19,2022,29.4,9208.0,94.0,90.8,2.0,10.0,1.0,1.0
425,OCGCE3213,OCGCE3213-250922,TUXTEPEC (COL. V.B.A.),LÓTICO (HUMEDAL),2022-08-26,2022,84.0,24196.0,24196.0,87.7,13.0,62.1,1.0,1.0
426,OCGCE3216,OCGCE3216-140822,PUENTE ESPINAL,LÓTICO (HUMEDAL),2022-08-11,2022,22.0,2400.0,930.0,92.4,2.0,27.88,1.0,1.0
427,OCGCE3217,OCGCE3217-140822,PASO VALENCIA,LÓTICO,2022-08-11,2022,24.0,930.0,750.0,90.9,2.0,13.71,1.0,1.0
428,OCGCE3232,OCGCE3232-140822,PUENTE NAUTLA,LÓTICO - COSTERO,2022-08-10,2022,10.0,24000.0,24000.0,85.9,2.0,32.46,1.0,1.0
429,OCGCE3218,OCGCE3218-140822,PUENTE REMOLINO,LÓTICO (HUMEDAL),2022-08-12,2022,23.0,24000.0,24000.0,87.1,2.0,30.38,1.0,1.0
430,OCGCE3219,OCGCE3219-140822,PUENTE TECOLUTLA,LÓTICO (HUMEDAL),2022-08-12,2022,13.0,24000.0,11000.0,91.9,2.0,28.71,1.0,1.0
431,OCGCE3235,OCGCE3235-140822,PANGA JICALTEPEC,LÓTICO (HUMEDAL),2022-08-09,2022,87.0,930.0,430.0,89.7,2.0,45.38,1.0,1.0
432,OCGCE3236,OCGCE3236-140822,EL PITAL,LÓTICO (HUMEDAL),2022-08-09,2022,11.0,430.0,70.0,92.7,2.0,47.46,1.0,1.0
433,OCGCE3239,OCGCE3239-140822,FELIPE CARRILLO PUERTO,LÓTICO (HUMEDAL),2022-08-09,2022,18.0,390.0,230.0,86.6,2.0,37.88,1.0,1.0
434,OCGCE3241,OCGCE3241-140822,MARTINEZ DE LA TORRE  (INGENIO),LÓTICO,2022-08-08,2022,10.0,24000.0,24000.0,99.1,2.0,35.79,1.0,1.0
435,OCGCE3244,OCGCE3244-140822,MARTINEZ DE LA TORRE,LÓTICO,2022-08-08,2022,12.0,4600.0,2400.0,98.3,2.0,27.46,1.0,1.0
436,OCGCE3254,OCGCE3254-280822,RIO CAZONES (INF. LAS GAVIOTAS),LÓTICO,2022-08-24,2022,10.0,24000.0,24000.0,66.5,2.0,32.04,1.0,1.0
437,OCGCE3245,OCGCE3245-140822,RIO BOBOS (EL FILO),LÓTICO,2022-08-08,2022,10.0,2100.0,930.0,92.2,2.0,26.63,1.0,1.0
438,OCGCE3285,OCGCE3285-310722,CASCADA TEXOLO,LÓTICO (HUMEDAL),2022-07-26,2022,10.0,24000.0,40.0,62.0,2.0,26.21,1.0,1.0
439,OCGCE3262,OCGCE3262-310722,RIO PIXQUIAC (RANCHO VIEJO),LÓTICO,2022-07-26,2022,10.0,430.0,230.0,72.0,2.0,37.04,1.0,1.0
440,OCGCE3266,OCGCE3266-310722,SEDEÑO (PUENTE CARRETERA XALAPA-BANDERILLA),LÓTICO,2022-07-25,2022,12.0,24000.0,24000.0,64.0,2.0,28.71,1.0,1.0
441,OCGCE3251,OCGCE3251-280822,PUENTE CAZONES,LÓTICO,2022-08-25,2022,10.0,11000.0,4600.0,77.4,2.0,48.71,1.0,1.0
442,OCGCE3296,OCGCE3296-310722,GUAYABAL,LÓTICO,2022-07-27,2022,58.0,11000.0,2100.0,59.0,2.0,36.21,1.0,1.0
443,OCGCE3295,OCGCE3295-310722,PUENTE NACIONAL,LÓTICO,2022-07-27,2022,20.0,11000.0,4600.0,62.0,2.0,37.04,1.0,1.0
444,OCGCE3297,OCGCE3297-210822,PUENTE PAPALOAPAN,LÓTICO (HUMEDAL),2022-08-19,2022,26.0,2100.0,1200.0,90.8,2.0,23.29,1.0,1.0
445,OCGCE3298,OCGCE3298-310722,PUENTE SALMORAL,LÓTICO,2022-07-27,2022,20.0,24000.0,24000.0,60.0,2.0,42.04,1.0,1.0
446,OCGCE3318M1,OCGCE3318M1-310722,ARROYO EL CABLE AGUAS ARRIBA PTAR NORTE ,LÓTICO,2022-07-28,2022,15.0,24000.0,24000.0,27.0,2.0,51.21,1.0,1.0
447,OCGCE3271,OCGCE3271-310722,ARROYO LIMPIO I,LÓTICO,2022-07-25,2022,88.9,24000.0,24000.0,34.0,36.0,83.29,1.0,1.0
448,OCGCE3272,OCGCE3272-310722,ARROYO LIMPIO II,LÓTICO,2022-07-25,2022,30.0,24000.0,24000.0,41.0,20.0,38.71,1.0,1.0
449,OCGCE3338,OCGCE3338-310722,EL TEJAR II,LÓTICO,2022-07-29,2022,48.0,11000.0,4600.0,60.0,2.0,43.71,1.0,1.0
450,OCGCE3315,OCGCE3315-310722,PUENTE LA ANTIGUA,LÓTICO,2022-07-28,2022,11.0,24000.0,24000.0,55.0,2.0,36.21,1.0,1.0
452,OCGCE3339,OCGCE3339-310722,PUENTE MEDELLIN- EL TEJAR,LÓTICO,2022-07-29,2022,19.0,24000.0,4600.0,51.0,2.0,47.04,1.0,1.0
453,OCGCE3340,OCGCE3340-310722,PUENTE COTAXTLA-PASO DEL TORO,LÓTICO,2022-07-29,2022,55.0,24000.0,11000.0,61.0,2.0,38.29,1.0,1.0
454,OCGCE3358,OCGCE3358-310722,JAMAPA,LÓTICO,2022-07-29,2022,10.0,24000.0,24000.0,61.0,2.0,32.88,1.0,1.0
455,OCGCE3408,OCGCE3408-040922,ALAMO (TEMAPACHE),LÓTICO (HUMEDAL),2022-08-29,2022,10.0,2400.0,150.0,96.7,2.0,30.79,1.0,1.0
456,OCGCE3399,OCGCE3399-280822,COSCOMATEPEC,LÓTICO,2022-08-26,2022,14.0,24000.0,24000.0,69.6,2.83,32.46,1.0,1.0
457,OCGCE3407,OCGCE3407-040922,EL SUCHILT,LÓTICO (HUMEDAL),2022-08-29,2022,10.0,150.0,90.0,96.9,2.0,32.46,1.0,1.0
458,OCGCE3398,OCGCE3398-280822,ATOYAC (INGENIO),LÓTICO,2022-08-24,2022,10.0,11000.0,2100.0,39.9,2.0,25.38,1.0,1.0
459,OCGCE3409,OCGCE3409-040922,PUENTE LOPEZ PORTILLO,LÓTICO,2022-08-29,2022,10.0,390.0,150.0,98.0,2.0,33.29,1.0,1.0
460,OCGCE3414,OCGCE3414-040922,PUENTE LA UNION,LÓTICO (HUMEDAL),2022-08-30,2022,10.0,390.0,90.0,96.4,2.0,35.38,1.0,1.0
461,OCGCE3412,OCGCE3412-040922,PUENTE LAS FUENTES 5 POBLADOS,LÓTICO,2022-08-29,2022,10.0,230.0,90.0,97.1,2.0,35.38,1.0,1.0
462,OCGCE3415,OCGCE3415-280822,PANGA CAZONES (LA CONCEPCION),LÓTICO,2022-08-24,2022,10.0,11000.0,2400.0,57.5,2.0,29.96,1.0,1.0
463,OCGCE3448M1,OCGCE3448M1-110922,CALZADAS (HUAZUNTLÁN),LÓTICO (HUMEDAL),2022-08-24,2022,22.8,2613.0,689.0,31.5,5.6,17.56,1.0,1.0
464,OCGCE3444W1,OCGCE3444W1-110922,BARRA COATZACOALCOS,LÓTICO - COSTERO,2022-08-24,2022,10.6,12033.0,2359.0,59.6,3.06,10.0,1.0,1.0
465,OCGCE3466,OCGCE3466-310722,EL DESCABEZADERO,LÓTICO,2022-07-26,2022,10.0,1500.0,70.0,77.0,2.0,29.54,1.0,1.0
470,OCGNO3520M1,OCGNO3520M1-070822,"RIO TAMESI, BOCATOMA LOS TOMATES",LÓTICO,2022-08-04,2022,10.0,2400.0,2400.0,73.0,2.0,44.95,1.0,1.0
472,OCGNO3552,OCGNO3552-110922,"RIO SOTO LA MARINA, AGUAS ARRIBA DE SOTO LA MARINA",LÓTICO (HUMEDAL),2022-09-05,2022,22.0,2400.0,2400.0,86.0,2.0,23.4,1.0,1.0
473,OCGNO3553,OCGNO3553-110922,EJIDO TAMPIQUITO,LÓTICO,2022-09-05,2022,30.0,2400.0,2400.0,86.0,2.0,45.65,1.0,1.0
474,OCGNO3555,OCGNO3555-110922,RIO SOTO LA MARINA EL MOLINO,LÓTICO,2022-09-05,2022,13.0,2400.0,2400.0,85.0,2.0,69.81,1.0,1.0
475,OCGNO3554,OCGNO3554-110922,PUENTE CARRETERO (SLM),LÓTICO (HUMEDAL),2022-09-06,2022,19.0,21.0,7.0,85.0,2.0,10.0,1.0,1.0
476,OCGNO3581,OCGNO3581-140822,RIO SABINAS HIDROMETRICA SABINAS,LÓTICO,2022-09-13,2022,10.0,2400.0,2400.0,72.0,2.0,17.07,1.0,1.0
478,OCGNO3655W1,OCGNO3655W1-070822,RIO PANUCO FRENTE A LAGUNA DE CHILA,LÓTICO (HUMEDAL),2022-08-05,2022,10.0,2400.0,210.0,59.0,2.0,54.31,1.0,1.0
479,OCGNO3656W1,OCGNO3656W1-140822,RIO PANUCO-MIRAVEGAS,LÓTICO (HUMEDAL),2022-10-10,2022,10.0,2400.0,2400.0,89.0,2.0,10.0,1.0,1.0
480,OCGNO3658,OCGNO3658-140822,RIO PANUCO HIDROMETRICA PANUCO,LÓTICO (HUMEDAL),2022-10-10,2022,20.0,150.0,150.0,89.0,2.0,10.0,1.0,1.0
481,OCGNO3657,OCGNO3657-140822,EL ALAMO,LÓTICO (HUMEDAL),2022-10-10,2022,19.0,2400.0,2400.0,90.0,2.0,10.0,1.0,1.0
482,OCLSP3701M1,OCLSP3701M1-030722,ARROYO EL AHOGADO PUENTE CARRETERA A CHAPALA,LÓTICO,2022-07-02,2022,57.6,2419600.0,2419600.0,27.3,100.0,335.77,2.85,4.63
483,OCLSP3701M1,OCLSP3701M1-280822,ARROYO EL AHOGADO PUENTE CARRETERA A CHAPALA,LÓTICO,2022-08-23,2022,159.3,24196.0,24196.0,27.7,24.5,27.46,1.0,1.0
484,OCLSP3719M1,OCLSP3719M1-140822,RIO AMECA PUENTE LA VEGA,LÓTICO,2022-08-09,2022,301.6,241960.0,241960.0,79.4,21.3,42.54,1.0,1.0
485,OCLSP3751M1,OCLSP3751M1-030722,RIO JUCHIPILA ANTES DEL RIO SANTIAGO,LÓTICO,2022-07-02,2022,59.2,135.0,63.0,98.6,2.0,10.0,1.0,1.0
486,OCLSP3755M1,OCLSP3755M1-280822,RIO CUIXTLA ANTES DEL RIO SANTIAGO,LÓTICO,2022-08-15,2022,990.7,17200.0,6510.0,104.8,8.2,69.64,1.0,1.0
487,OCLSP3751M1,OCLSP3751M1-280822,RIO JUCHIPILA ANTES DEL RIO SANTIAGO,LÓTICO,2022-08-15,2022,570.5,29090.0,8860.0,103.3,7.7,47.74,1.0,1.0
488,OCLSP3755M1,OCLSP3755M1-030722,RIO CUIXTLA ANTES DEL RIO SANTIAGO,LÓTICO,2022-07-02,2022,349.3,3360.0,3110.0,98.3,5.1,30.31,1.0,1.0
489,OCLSP3765M1,OCLSP3765M1-140822,RIO SALADO LAS TORTUGAS,LÓTICO (HUMEDAL),2022-08-08,2022,3919.0,36540.0,18420.0,98.0,12.7,88.36,1.0,1.0
490,OCLSP3769M1W1,OCLSP3769M1W1-140822,RIO SALADO ANTES DESEMBOCADURA LA PRESA LA VEGA,LÓTICO (HUMEDAL),2022-08-08,2022,953.2,241960.0,241960.0,40.3,16.4,80.74,1.0,1.0
491,OCLSP3770M1,OCLSP3770M1-140822,RIO TONAYA ANTES DE TONAYA,LÓTICO,2022-08-11,2022,76.2,24196.0,9208.0,103.0,2.0,10.0,1.0,1.0
492,OCLSP3774M1,OCLSP3774M1-140822,RIO AMECA ARRIBA DE LA POBLACION,LÓTICO,2022-08-08,2022,324.0,64880.0,54750.0,66.7,8.5,39.28,1.0,1.0
493,OCLSP3775M1,OCLSP3775M1-140822,RIO AMECA PUENTE JAYAMITLA,LÓTICO,2022-08-08,2022,264.9,15531.0,6867.0,96.1,12.7,36.72,1.0,1.0
494,OCLSP3776M1,OCLSP3776M1-140822,RIO AMECA ABAJO DE LA POBLACION,LÓTICO,2022-08-08,2022,377.3,241960.0,241960.0,76.6,14.0,49.46,1.0,1.0
495,OCLSP3809M1,OCLSP3809M1-280822,RIO LERMA DESP. DE LA BARCA,LÓTICO,2022-08-10,2022,70.8,32550.0,16070.0,35.6,11.4,24.96,1.0,1.0
496,OCLSP3810M1,OCLSP3810M1-140822,RIO LERMA EN ZALAMEA,LÓTICO,2022-08-10,2022,159.7,173290.0,155310.0,33.6,12.9,37.08,1.0,1.0
497,OCLSP3811M1,OCLSP3811M1-140822,"RIO LERMA PTE, BRISEÑAS",LÓTICO,2022-08-10,2022,95.9,36540.0,15150.0,46.7,10.6,54.51,1.0,1.0
498,OCLSP3812M1,OCLSP3812M1-140822,RIO LERMA EN GPE. DE LERMA,LÓTICO,2022-08-10,2022,146.8,198630.0,104620.0,40.2,15.3,30.82,1.0,1.0
499,OCLSP3815M2,OCLSP3815M2-030722,ARROYO LA LAJA ANTES DEL RIO SANTIAGO,LÓTICO,2022-07-02,2022,73.1,24196.0,24196.0,30.5,13.9,83.05,2.54,1.0
500,OCLSP3815M2,OCLSP3815M2-280822,ARROYO LA LAJA ANTES DEL RIO SANTIAGO,LÓTICO,2022-08-19,2022,268.8,241960.0,173290.0,90.7,10.1,16.64,1.0,1.0
501,OCLSP3884M1,OCLSP3884M1-110922,PUENTE RIO CIHUATLAN,LÓTICO,2022-09-07,2022,47.2,8164.0,538.0,104.7,2.0,10.0,1.0,1.0
502,OCLSP3883M1,OCLSP3883M1-110922,RIO CIHUATLAN-MARABASCO PRESA DERIVADORA,LÓTICO (HUMEDAL),2022-09-07,2022,35.3,305.0,226.0,102.7,2.0,10.87,1.0,1.0
503,OCLSP3885M1,OCLSP3885M1-110922,RIO CIHUATLAN-MARABASCO ANTES PIEDRA PINTADA,LÓTICO (HUMEDAL),2022-09-07,2022,23.9,1850.0,171.0,101.6,2.0,11.7,1.0,1.0
504,OCLSP3887M1,OCLSP3887M1-110922,PRESA EL NARANJO AGUAS ARRIBA,LÓTICO,2022-09-07,2022,24.6,2014.0,663.0,108.9,2.0,10.0,1.0,1.0
505,OCLSP3904M1,OCLSP3904M1-110922,RIO SAN NICOLAS PUENTE CARRETERA A PUERTO VALLARTA,LÓTICO (HUMEDAL),2022-09-07,2022,60.1,9804.0,364.0,101.6,2.0,10.0,1.0,1.0
506,OCLSP3917M1,OCLSP3917M1-210822,RIO TOMATLAN ANTES DESEMBOCADURA AL MAR,LÓTICO - COSTERO (HUMEDAL),2022-10-02,2022,18.5,17329.0,1124.0,79.9,2.0,10.0,1.0,1.0
508,OCLSP3925M1,OCLSP3925M1-110922,RIO TOMATLAN DESPUES DE LA POBLACION DE TOMATLAN,LÓTICO,2022-09-08,2022,22.5,2909.0,241.0,103.3,2.0,10.0,1.0,1.0
509,OCLSP3926M1,OCLSP3926M1-110922,RIO TOMATLAN POBLACION DE TOMATLAN,LÓTICO,2022-09-08,2022,18.6,857.0,20.0,107.9,5.7,10.0,1.0,1.0
510,OCLSP3927M1,OCLSP3927M1-110922,RIO TOMATLAN ANTES DE LA POBLACION DE TOMATLAN,LÓTICO,2022-09-09,2022,14.2,6131.0,148.0,107.6,2.0,10.0,1.0,1.0
511,OCLSP3924M1,OCLSP3924M1-110922,RIO TOMATLAN PUENTE CARRETERA A PUERTO VALLARTA,LÓTICO,2022-09-08,2022,21.4,19863.0,211.0,88.9,2.0,10.0,1.0,1.0
512,OCLSP3941M1,OCLSP3941M1-110922,RIO SAN NICOLAS ENTRADA JOSE MARIA MORELOS,LÓTICO,2022-09-08,2022,33.4,3448.0,246.0,104.1,2.0,10.0,1.0,1.0
513,OCLSP3928M1,OCLSP3928M1-110922,RIO TOMATLAN ABAJO PRESA CAJON DE PEÑAS,LÓTICO,2022-09-09,2022,10.0,2909.0,41.0,105.1,2.0,10.0,1.0,1.0
514,OCLSP3978M1,OCLSP3978M1-040922,SEAPAL NORTE II AGUAS ABAJO,LÓTICO (HUMEDAL),2022-10-01,2022,85.7,24196.0,24196.0,99.4,2.4,10.0,1.0,1.0
515,OCNOR3988,OCNOR3988-210822,SONORA 6,LÓTICO,2022-08-15,2022,10.0,10.0,10.0,132.4,2.0,10.0,1.0,1.63
516,OCNOR3991,OCNOR3991-040922,DERIVADORA DE HUASABAS,LÓTICO,2022-09-02,2022,31.5,2247.0,110.0,102.7,2.0,10.0,1.0,1.0
517,OCNOR3989,OCNOR3989-210822,CANANEA,LÓTICO (HUMEDAL),2022-08-15,2022,75.4,20.0,10.0,91.3,5.26,20.26,2.51,1.0
519,OCNOR4022,OCNOR4022-140822,RIO SONORA 4,LÓTICO (HUMEDAL),2022-08-11,2022,3198.0,24196.0,6131.0,92.8,9.4,12.78,1.0,1.0
520,OCNOR4019,OCNOR4019-210822,RIO SONORA 3,LÓTICO,2022-10-04,2022,169.9,2755.0,1119.0,104.8,5.8,10.0,1.0,1.0
521,OCNOR4020,OCNOR4020-140822,BAVIACORA,LÓTICO,2022-10-03,2022,139.7,3076.0,315.0,89.7,5.3,21.63,1.0,1.0
522,OCNOR4023,OCNOR4023-140822,RIO SONORA 5,LÓTICO (HUMEDAL),2022-08-09,2022,1559.0,30760.0,3640.0,95.5,12.2,79.13,1.0,1.0
523,OCNOR4024,OCNOR4024-310722,ARIZPE,LÓTICO,2022-07-26,2022,7766.7,24196.0,17329.0,90.6,2.0,233.79,1.0,1.0
524,OCNOR4026,OCNOR4026-210822,RIO BACANUCHI,LÓTICO,2022-08-15,2022,48.1,2142.0,460.0,82.8,2.0,10.0,1.0,1.0
525,OCNOR4028,OCNOR4028-210822,BACOACHI,LÓTICO (HUMEDAL),2022-08-15,2022,31.9,2359.0,657.0,89.9,2.0,10.0,1.0,1.0
526,OCNOR4047,OCNOR4047-040922,SAN JOSE DE PIMAS RIO,LÓTICO,2022-08-31,2022,21.9,24196.0,5475.0,56.5,11.2,19.04,1.0,1.0
527,OCNOR4049,OCNOR4049-110922,RIO YAQUI 7,LÓTICO (HUMEDAL),2022-09-29,2022,18.5,1236.0,10.0,78.0,8.1,10.0,1.0,1.0
528,OCNOR4050,OCNOR4050-110922,RIO YAQUI 8,LÓTICO (HUMEDAL),2022-09-29,2022,50.0,2382.0,10.0,96.9,8.6,10.0,1.0,1.0
529,OCNOR4043,OCNOR4043-070822,EFLUENTE DE LA PRESA EL MOLINITO,LÓTICO,2022-08-01,2022,10.0,7270.0,404.0,56.9,2.0,10.92,1.0,1.0
530,OCNOR4051,OCNOR4051-040922,NOVILLO,LÓTICO (HUMEDAL),2022-09-01,2022,21.6,345.0,10.0,43.9,2.0,10.0,1.0,1.0
531,OCNOR4052W1,OCNOR4052W1-040922,PRESA EL NOVILLO,LÓTICO (HUMEDAL),2022-08-30,2022,16.7,1274.0,10.0,42.8,7.4,10.0,1.0,1.0
532,OCNOR4053,OCNOR4053-110922,RIO YAQUI 9,LÓTICO,2022-09-29,2022,23.6,1956.0,10.0,87.7,9.1,28.42,1.0,1.0
533,OCNOR4059,OCNOR4059-040922,RIO YAQUI 10,LÓTICO (HUMEDAL),2022-09-01,2022,805.0,5860.0,1220.0,104.1,2.0,12.42,1.0,1.0
534,OCNOR4061,OCNOR4061-110922,TONICHI RIO,LÓTICO (HUMEDAL),2022-09-29,2022,45.3,2046.0,10.0,92.1,8.9,18.39,1.0,1.0
536,OCNOR4078,OCNOR4078-110922,ECOSISTEMA ARROYO VERDE APFF SIERRA DE ALAMOS RÍO CUCHUJAQUI 3,LÓTICO (HUMEDAL),2022-10-05,2022,10.0,581.0,10.0,121.3,2.0,10.0,1.0,1.0
537,OCNOR4098,OCNOR4098-280822,RH9-1 SONORA SUR,LÓTICO,2022-08-23,2022,31.2,24196.0,1354.0,30.2,23.3,111.69,1.0,1.0
541,OCNOR4110,OCNOR4110-280822,RIO MAYO 4,LÓTICO (HUMEDAL),2022-08-24,2022,258.0,8300.0,1100.0,110.2,8.0,41.59,1.0,1.0
543,OCNOR4133,OCNOR4133-280822,SUR (SONORA)  (A) AGUAS ABAJO,LÓTICO,2022-08-25,2022,21.1,241960.0,241960.0,10.0,154.25,362.69,1.0,10.87
544,OCNOR4129,OCNOR4129-110922,RIO YAQUI 2,LÓTICO (HUMEDAL),2022-10-10,2022,110.9,6488.0,158.0,101.2,2.0,32.21,1.0,1.0
545,OCNOR4136,OCNOR4136-280822,SUR (SONORA)  (A) AGUAS ARRIBA,LÓTICO,2022-08-25,2022,42.7,15970.0,3310.0,68.3,11.5,49.72,1.0,1.0
546,OCNOR4139,OCNOR4139-280822,PUENTE CARRETERA INTERNACIONAL,LÓTICO,2022-08-24,2022,10.0,3076.0,10.0,152.7,2.0,11.7,1.0,1.0
547,OCNOR4151,OCNOR4151-280822,RIO YAQUI 4,LÓTICO (HUMEDAL),2022-08-26,2022,385.0,27550.0,1340.0,97.5,6.0,28.42,1.0,1.0
548,OCNOR4188,OCNOR4188-110922,RIO MAYO 6,LÓTICO (HUMEDAL),2022-10-07,2022,10.0,1793.0,10.0,84.2,2.0,10.0,1.0,1.0
550,OCNOR4191,OCNOR4191-280822,RIO MAYO 7,LÓTICO,2022-08-24,2022,48.6,6488.0,318.0,150.8,2.0,17.56,1.0,1.0
551,OCNOR4189,OCNOR4189-110922,RIO MAYO 8,LÓTICO,2022-09-09,2022,31.2,2359.0,84.0,108.4,15.7,19.32,1.0,1.0
552,OCNOR4190,OCNOR4190-110922,RIO MAYO 9,LÓTICO,2022-09-09,2022,31.6,1956.0,63.0,111.8,18.0,20.26,1.0,1.0
553,OCPBC4232,OCPBC4232-180922,RIO TIJUANA,LÓTICO,2022-09-13,2022,96.2,241960.0,241960.0,21.1,104.5,195.33,1.0,1.0
554,OCPBC4236,OCPBC4236-180922,RIO TIJUANA 2,LÓTICO,2022-09-13,2022,156.5,24196.0,24196.0,96.7,81.0,134.97,1.0,1.0
555,OCPBC4237,OCPBC4237-180922,RIO TIJUANA 1,LÓTICO,2022-09-13,2022,17.1,24196.0,24196.0,18.1,26.3,73.05,1.0,1.0
557,OCPBC4235,OCPBC4235-180922,RIO TIJUANA 3,LÓTICO,2022-09-13,2022,93.8,24196.0,24196.0,122.2,63.6,139.97,1.0,1.0
558,OCNOR6515,OCNOR6515-070822,HACIA EL ACUEDUCTO,LÓTICO,2022-08-01,2022,13.8,17329.0,52.0,96.8,2.0,10.0,1.0,1.0
559,OCPBC4233,OCPBC4233-180922,RIO TIJUANA 4,LÓTICO,2022-09-13,2022,142.5,24196.0,24196.0,73.5,130.0,205.95,1.0,1.0
560,OCPBC4373M1,OCPBC4373M1-180922,RIO TIJUANA (LIMITE INTERNACIONAL),LÓTICO,2022-09-13,2022,110.0,241960.0,241960.0,10.0,114.5,206.26,1.0,1.0
561,OCPBC4383,OCPBC4383-250922,RIO COLORADO 12,LÓTICO,2022-09-19,2022,18.5,24196.0,20.0,107.5,4.16,63.64,1.0,1.0
562,OCPBC4384,OCPBC4384-250922,RIO COLORADO 14,LÓTICO,2022-09-19,2022,45.1,19863.0,132.0,108.1,5.24,79.64,1.0,1.0
563,OCPNO4455,OCPNO4455-310722,RIO CULIACAN PUENTE USE,LÓTICO,2022-07-25,2022,18.7,6867.0,717.0,135.9,3.54,10.0,1.0,1.0
564,OCPNO4456,OCPNO4456-310722,RIO CULIACAN 4,LÓTICO,2022-08-25,2022,30.8,24196.0,24196.0,88.2,8.1,35.03,1.0,1.0
565,OCPNO4449M1,OCPNO4449M1-310722,RIO CULIACAN 5,LÓTICO,2022-07-25,2022,43.5,24196.0,24196.0,74.7,2.0,10.0,1.0,1.0
566,OCPNO4448,OCPNO4448-310722,PUENTE NEGRO,LÓTICO,2022-07-25,2022,26.4,24196.0,15531.0,71.5,2.0,10.0,1.0,1.0
567,OCPNO4459,OCPNO4459-310722,SAN PEDRO,LÓTICO,2022-10-30,2022,42.4,12997.0,4611.0,90.4,15.8,34.92,1.0,1.0
568,OCPNO4466,OCPNO4466-280822,PUENTE LIMONCITO,LÓTICO,2022-10-30,2022,57.6,24196.0,232.0,112.5,2.0,17.39,1.0,1.0
569,OCPNO4467M1,OCPNO4467M1-310722,RH10-2 SINALOA,LÓTICO,2022-07-26,2022,14.9,9208.0,10.0,92.3,2.0,10.0,1.0,1.0
570,OCPNO4464M1,OCPNO4464M1-310722,RIO CULIACAN LA PIPIMA,LÓTICO,2022-07-27,2022,38.6,15531.0,441.0,135.3,3.32,10.0,1.0,1.0
573,OCPNO4485,OCPNO4485-040922,RIO CULIACAN 7,LÓTICO,2022-08-30,2022,66.0,24196.0,650.0,85.2,2.0,10.0,1.0,1.0
574,OCPNO4503W1,OCPNO4503W1-070822,RH10-1 SINALOA,LÓTICO (HUMEDAL),2022-08-03,2022,218.8,22470.0,630.0,54.8,7.5,10.92,1.0,1.0
575,OCPNO4504,OCPNO4504-070822,LA BRECHA,LÓTICO,2022-08-03,2022,130.6,241960.0,3110.0,56.5,10.2,13.44,1.0,1.0
576,OCPNO4501,OCPNO4501-070822,SALIDA DE LA PRESA EUSTAQUIO BUELNA,LÓTICO (HUMEDAL),2022-08-02,2022,11.5,75.0,10.0,138.1,2.0,15.96,1.0,1.0
577,OCPNO4508,OCPNO4508-140822,VADO DE GUASAVE,LÓTICO,2022-08-08,2022,113.1,5794.0,767.0,70.5,10.0,14.14,1.0,1.0
578,OCPNO4505,OCPNO4505-070822,RIO SINALOA 5,LÓTICO,2022-08-03,2022,53.1,4260.0,520.0,53.8,10.5,13.44,1.0,1.0
579,OCPNO4506,OCPNO4506-140822,RIO SINALOA 6,LÓTICO,2022-08-08,2022,126.0,4611.0,594.0,75.7,10.3,13.31,1.0,1.0
580,OCPNO4527,OCPNO4527-140822,RIO FUERTE 1,LÓTICO,2022-09-09,2022,10.0,4106.0,462.0,29.2,4.1,11.82,1.0,1.0
581,OCPNO4528,OCPNO4528-140822,PUENTE SAN MIGUEL ZAPOTITLAN,LÓTICO (HUMEDAL),2022-09-05,2022,10.0,17329.0,2014.0,43.9,2.0,34.15,1.0,1.0
582,OCPNO4529,OCPNO4529-140822,RIO FUERTE 2,LÓTICO,2022-08-14,2022,18.4,7270.0,1616.0,59.5,4.24,10.0,1.0,1.0
583,OCPNO4525W1,OCPNO4525W1-140822,LOS MOCHIS  (A) AGUAS ABAJO,LÓTICO (HUMEDAL),2022-09-05,2022,84.7,24196.0,145.0,74.6,86.5,118.18,1.0,1.0
584,OCPNO4536,OCPNO4536-140822,PUENTE BAROTEN (EL FUERTE),LÓTICO (HUMEDAL),2022-08-14,2022,10.0,3255.0,399.0,109.3,2.0,10.0,1.0,1.0
585,OCPNO4537,OCPNO4537-140822,RIO FUERTE 3,LÓTICO (HUMEDAL),2022-08-14,2022,10.0,1607.0,98.0,107.2,2.0,10.0,1.0,1.0
586,OCPNO4538,OCPNO4538-140822,RIO FUERTE 4,LÓTICO (HUMEDAL),2022-08-14,2022,10.0,2481.0,52.0,93.1,2.0,10.0,1.0,1.0
587,OCPNO4550,OCPNO4550-140822,HIGUERA DE ZARAGOZA,LÓTICO (HUMEDAL),2022-09-09,2022,10.0,3255.0,211.0,46.4,2.0,12.66,1.0,1.0
588,OCPNO4555W1,OCPNO4555W1-070822,DESEMBOCADURA RIO SINALOA,LÓTICO - COSTERO,2022-08-03,2022,156.6,22470.0,520.0,60.5,6.5,10.08,1.0,1.0
589,OCPNO4552W1,OCPNO4552W1-140822,RH10-4 SINALOA,LÓTICO,2022-09-11,2022,17.4,3076.0,754.0,68.1,14.2,25.08,1.0,1.0
590,OCPNO4559,OCPNO4559-280822,PUENTE LA PALMA,LÓTICO,2022-10-30,2022,151.0,24196.0,24196.0,26.1,97.0,116.46,1.0,9.09
591,OCPNO4558,OCPNO4558-280822,PUENTE EL GUAMUCHILITO,LÓTICO,2022-10-30,2022,216.0,24196.0,24196.0,27.2,91.0,128.67,1.0,35.71
594,OCPNO4569,OCPNO4569-210822,EL DORADO,LÓTICO (HUMEDAL),2022-08-17,2022,10.0,727.0,134.0,77.7,2.0,10.0,1.0,1.0
595,OCPNO4570M1,OCPNO4570M1-210822,RH10-3 SINALOA,LÓTICO (HUMEDAL),2022-08-15,2022,10.0,2752.0,120.0,65.7,2.0,10.0,1.0,1.0
596,OCPNO4573,OCPNO4573-210822,RIO SAN LORENZO 5,LÓTICO (HUMEDAL),2022-08-17,2022,12.4,8164.0,5172.0,66.3,2.0,10.0,1.0,1.0
597,OCPNO4574,OCPNO4574-210822,RIO SAN LORENZO 6,LÓTICO (HUMEDAL),2022-08-17,2022,41.1,2359.0,520.0,81.3,2.0,10.0,1.0,1.0
598,OCPNO4579,OCPNO4579-210822,RIO SAN LORENZO 8,LÓTICO,2022-08-18,2022,10.5,2613.0,20.0,119.8,2.0,10.0,1.0,1.0
599,OCPNO4576,OCPNO4576-210822,PUENTE SAN LORENZO (PUENTE CARRETERA INTERNACIONAL),LÓTICO,2022-08-18,2022,114.1,19863.0,1014.0,96.8,11.3,14.21,1.0,1.0
600,OCPNO4578,OCPNO4578-210822,RIO SAN LORENZO 7,LÓTICO,2022-08-18,2022,15.8,5172.0,2723.0,120.7,2.0,10.0,1.0,1.0
601,OCPNO4586,OCPNO4586-040922,RIO ELOTA 6,LÓTICO,2022-08-31,2022,801.0,528.0,75.0,116.2,7.1,10.0,1.0,1.0
602,OCPNO4587,OCPNO4587-040922,RIO ELOTA SALIDA DE PRESA EL SALTO,LÓTICO,2022-08-31,2022,10.0,2613.0,86.0,99.3,4.62,12.42,1.0,1.0
603,OCPNO4585,OCPNO4585-310722,RIO ELOTA 7,LÓTICO,2022-07-31,2022,230.2,15531.0,471.0,106.1,5.9,10.92,1.0,1.0
604,OCPNO4592,OCPNO4592-040922,RIO ELOTA 3,LÓTICO (HUMEDAL),2022-08-31,2022,17.8,12033.0,537.0,82.9,9.6,13.25,1.0,1.0
605,OCPNO4593,OCPNO4593-040922,PUENTE INTERNACIONAL. (PUENTE ELOTA),LÓTICO (HUMEDAL),2022-10-28,2022,12.0,24196.0,19863.0,93.4,4.56,14.14,1.0,1.0
606,OCPNO4597,OCPNO4597-040922,RIO ELOTA 1,LÓTICO,2022-10-26,2022,174.2,3873.0,520.0,86.3,2.0,10.0,1.0,1.0
607,OCPNO4594,OCPNO4594-040922,RIO ELOTA 2,LÓTICO (HUMEDAL),2022-10-27,2022,22.0,63.0,20.0,91.1,2.0,12.48,1.0,1.0
609,OCPNO4598,OCPNO4598-040922,LA CRUZ,LÓTICO (HUMEDAL),2022-10-28,2022,28.8,24196.0,142.0,90.8,4.32,15.81,1.0,1.0
610,OCPNO4604,OCPNO4604-250922,RIO PIAXTLA 1,LÓTICO (HUMEDAL),2022-09-23,2022,448.8,24196.0,2247.0,111.3,4.1,26.04,1.0,1.0
611,OCPNO4610,OCPNO4610-250922,RIO PIAXTLA 3,LÓTICO,2022-10-14,2022,10.0,24196.0,24196.0,97.2,2.0,10.0,1.0,1.0
612,OCPNO4607,OCPNO4607-250922,DESEMBOCADURA RIO PIAXTLA,LÓTICO - COSTERO (HUMEDAL),2022-10-10,2022,13.9,3654.0,295.0,96.1,2.0,10.0,1.0,1.0
613,OCPNO4609,OCPNO4609-250922,RIO PIAXTLA CARRETERA INTERNACIONAL,LÓTICO,2022-10-10,2022,18.7,2014.0,288.0,107.3,2.0,10.0,1.0,1.0
614,OCPNO4605,OCPNO4605-250922,DIMAS,LÓTICO (HUMEDAL),2022-09-23,2022,450.0,24196.0,8164.0,104.8,2.0,23.52,1.0,1.0
615,OCPNO4613,OCPNO4613-250922,RIO PIAXTLA 4,LÓTICO (HUMEDAL),2022-10-13,2022,10.0,24196.0,41.0,95.7,2.0,10.0,1.0,1.0
616,OCPNO4615,OCPNO4615-250922,RIO PRESIDIO 5,LÓTICO (HUMEDAL),2022-09-22,2022,21.7,1872.0,20.0,107.0,2.0,25.2,1.0,1.0
617,OCPNO4611,OCPNO4611-250922,RIO PIAXTLA 2,LÓTICO (HUMEDAL),2022-10-13,2022,10.0,24196.0,24196.0,99.4,2.0,16.88,1.0,1.0
618,OCPNO4616,OCPNO4616-250922,RIO PRESIDIO 4,LÓTICO,2022-09-22,2022,20.3,3654.0,122.0,103.8,2.0,10.92,1.0,1.0
619,OCPNO4617,OCPNO4617-250922,RIO PRESIDIO 3,LÓTICO (HUMEDAL),2022-09-22,2022,35.4,15531.0,2909.0,110.0,2.0,12.6,1.0,1.0
620,OCPNO4620,OCPNO4620-250922,RIO PRESIDIO 2,LÓTICO,2022-09-22,2022,49.3,4884.0,2143.0,107.2,2.0,22.68,1.0,1.0
621,OCPNO4623,OCPNO4623-250922,PUENTE VILLA UNION,LÓTICO,2022-09-19,2022,515.0,57940.0,7230.0,95.5,2.0,25.08,1.0,1.0
622,OCPNO4622,OCPNO4622-250922,RIO PRESIDIO 1,LÓTICO,2022-09-19,2022,568.0,81640.0,9330.0,101.1,5.0,71.77,1.0,1.0
623,OCPNO4624,OCPNO4624-250922,EL WALAMO,LÓTICO (HUMEDAL),2022-10-13,2022,50.5,2613.0,359.0,89.0,4.8,10.0,1.0,1.0
624,OCPNO4638,OCPNO4638-180922,DESEMBOCADURA RIO BALUARTE,LÓTICO - COSTERO (HUMEDAL),2022-09-16,2022,158.0,7270.0,1124.0,104.2,2.0,10.0,1.0,1.0
625,OCPNO4640,OCPNO4640-180922,CHAMETLA,LÓTICO (HUMEDAL),2022-09-15,2022,150.5,24196.0,3076.0,106.4,2.0,10.0,1.0,1.0
626,OCPNO4651,OCPNO4651-180922,AGUAS DEBAJO DE LA DESCARGA DE LA CD. EL ROSARIO,LÓTICO (HUMEDAL),2022-09-13,2022,211.8,173290.0,61310.0,100.9,6.6,16.88,1.0,1.0
627,OCPNO4652,OCPNO4652-180922,BALUARTE (PUENTE EL ROSARIO),LÓTICO (HUMEDAL),2022-09-13,2022,176.3,34480.0,1680.0,102.0,4.5,10.0,1.0,1.0
628,OCPNO4653,OCPNO4653-180922,RIO BALUARTE 4,LÓTICO,2022-09-13,2022,23.6,24196.0,1296.0,106.7,2.0,10.0,1.0,1.0
629,OCPNO4654,OCPNO4654-180922,RIO BALUARTE 5,LÓTICO,2022-09-13,2022,10.0,2909.0,177.0,123.2,2.0,10.0,1.0,1.0
630,OCPNO4676,OCPNO4676-280822,RIO SINALOA 2,LÓTICO,2022-08-23,2022,167.5,3255.0,2046.0,102.2,11.9,15.81,1.0,1.0
631,OCPNO4677,OCPNO4677-280822,RIO SINALOA 1,LÓTICO,2022-08-23,2022,482.0,1553.0,528.0,102.1,10.9,11.65,1.0,1.0
632,OCPNO4678,OCPNO4678-280822,RIO SINALOA 7,LÓTICO,2022-08-23,2022,157.7,2481.0,798.0,93.2,8.6,10.82,1.0,1.0
633,OCPNO6550,OCPNO6550-310722,RIO SAN LORENZO,LÓTICO,2022-07-31,2022,3615.0,3873.0,203.0,86.3,7.9,145.1,1.0,1.0
634,OCPSU4687,OCPSU4687-040922,RIO ATOYAC 9,LÓTICO,2022-09-02,2022,214.5,24000.0,24000.0,47.4,6.5,73.29,1.0,1.0
635,OCPSU4707,OCPSU4707-110922,RIO ATOYAC 5,LÓTICO,2022-09-06,2022,424.0,930.0,430.0,10.0,30.0,117.46,1.0,1.0
636,OCPSU4720,OCPSU4720-180922,RIO TEHUANTEPEC 5,LÓTICO (HUMEDAL),2022-09-05,2022,10.0,17329.0,31.0,87.8,2.0,15.88,1.0,1.0
637,OCPSU4691,OCPSU4691-040922,RIO ATOYAC 13,LÓTICO,2022-08-31,2022,3393.3,24000.0,24000.0,48.9,8.67,92.46,1.0,1.0
638,OCPSU4692,OCPSU4692-040922,RIO ATOYAC 14,LÓTICO,2022-08-31,2022,4700.0,24000.0,24000.0,54.2,10.67,109.13,1.0,1.0
639,OCPSU4718,OCPSU4718-180922,RIO TEHUANTEPEC,LÓTICO,2022-09-05,2022,10.0,8164.0,10.0,87.2,2.0,11.7,1.0,1.0
641,OCPSU4698,OCPSU4698-040922,RIO ATOYAC 19,LÓTICO,2022-08-29,2022,170.2,1500.0,930.0,74.1,5.17,59.13,1.0,1.0
642,OCPSU4699,OCPSU4699-040922,RIO ATOYAC 20,LÓTICO,2022-08-29,2022,163.3,24000.0,24000.0,61.8,4.33,55.38,1.0,1.0
643,OCPSU4688,OCPSU4688-040922,RIO ATOYAC 10,LÓTICO,2022-08-31,2022,1778.9,24000.0,24000.0,48.3,10.0,103.29,1.0,1.0
644,OCPSU4713,OCPSU4713-180922,PRESA BENITO JUAREZ 1,LÓTICO,2022-09-05,2022,659.5,18600.0,1210.0,94.5,8.8,31.44,1.0,1.0
645,OCPSU4723,OCPSU4723-180922,RIO TEHUANTEPEC PUENTE HUILOTEPEC,LÓTICO,2022-09-06,2022,10.0,2909.0,41.0,85.2,2.0,12.54,1.0,1.0
646,OCPSU4694,OCPSU4694-040922,RIO ATOYAC 15,LÓTICO,2022-08-30,2022,103.0,750.0,390.0,68.3,4.29,70.38,1.0,1.0
647,OCPSU4722,OCPSU4722-180922,RIO TEHUANTEPEC 3,LÓTICO,2022-09-06,2022,10.0,11199.0,2282.0,48.6,2.0,14.21,1.0,1.0
648,OCPSU4690,OCPSU4690-040922,RIO ATOYAC 12,LÓTICO,2022-08-31,2022,3478.6,24000.0,24000.0,50.8,10.33,107.88,1.0,1.0
649,OCPSU4701,OCPSU4701-040922,RIO ATOYAC HUITZO- PUENTE SERVILLETERO,LÓTICO,2022-08-29,2022,151.1,24000.0,11000.0,63.1,6.0,67.46,1.0,1.0
650,OCPSU4702,OCPSU4702-040922,RIO ATOYAC 8,LÓTICO,2022-09-01,2022,336.0,24000.0,24000.0,40.2,14.67,127.04,1.0,1.0
651,OCPSU4695,OCPSU4695-040922,RIO ATOYAC 16,LÓTICO,2022-08-30,2022,94.0,4600.0,930.0,65.9,4.46,72.04,1.0,1.0
652,OCPSU4696,OCPSU4696-040922,RIO ATOYAC 17,LÓTICO,2022-08-30,2022,58.0,24000.0,24000.0,66.7,2.0,68.29,1.0,1.0
653,OCPSU4703,OCPSU4703-110922,RIO ATOYAC 7 AGUAS ABAJO DEL PUENTE,LÓTICO,2022-09-06,2022,536.7,750.0,230.0,28.4,16.67,106.21,1.0,1.0
654,OCPSU4697,OCPSU4697-040922,RIO ATOYAC 18,LÓTICO,2022-08-30,2022,52.0,24000.0,24000.0,60.1,2.0,63.71,1.0,1.0
655,OCPSU4706,OCPSU4706-110922,RIO ATOYAC 6,LÓTICO,2022-09-06,2022,47.8,24000.0,24000.0,29.1,5.0,64.54,1.0,1.0
656,OCPSU4697M1,OCPSU4697M1-040922,EL ROSARIO,LÓTICO,2022-09-01,2022,24.0,24000.0,24000.0,16.5,46.0,167.94,1.0,1.0
657,OCPSU4852M1,OCPSU4852M1-180922,RIO VERDE 2 CHARCO REDONDO,LÓTICO,2022-09-14,2022,251.2,24000.0,24000.0,64.7,2.0,65.79,1.0,1.0
658,OCPSU4847,OCPSU4847-180922,DESEMBOCADURA RIO VERDE1,LÓTICO - COSTERO (HUMEDAL),2022-09-14,2022,260.0,24000.0,24000.0,68.5,2.0,67.46,1.0,1.0
659,OCPSU4850,OCPSU4850-180922,CORTINA PRESA DERIVADORA (ANTES PUENTE CARRETERO),LÓTICO (HUMEDAL),2022-10-28,2022,94.0,24000.0,2100.0,62.3,2.0,24.27,1.0,1.0
661,OCPSU4863,OCPSU4863-250922,RIO VERDE 9,LÓTICO,2022-09-22,2022,84.0,24000.0,4600.0,61.7,2.0,32.88,1.0,1.0
662,OCPSU4864,OCPSU4864-250922,RIO VERDE REFERENCIA,LÓTICO,2022-09-22,2022,80.0,24000.0,11000.0,60.2,2.0,35.38,1.0,1.0
663,OCPSU4867,OCPSU4867-110922,RIO ATOYAC 3,LÓTICO,2022-09-07,2022,646.2,24000.0,24000.0,57.6,17.0,86.63,1.0,1.0
664,OCPSU4869,OCPSU4869-110922,RIO ATOYAC 2,LÓTICO,2022-09-07,2022,143.7,24000.0,24000.0,51.3,14.5,72.46,1.0,1.0
665,OCPSU4866,OCPSU4866-110922,RIO ATOYAC 4,LÓTICO,2022-09-07,2022,486.7,24000.0,1500.0,54.4,18.0,81.63,1.0,1.0
667,OCPSU4870,OCPSU4870-110922,RIO ATOYAC 1,LÓTICO,2022-09-07,2022,225.0,24000.0,1500.0,65.2,17.5,77.46,1.0,1.0
668,OCRBR5016M1,OCRBR5016M1-140822,RIO PESQUERIA AGUAS ARRIBA PTAR NORTE,LÓTICO,2022-08-08,2022,10.0,2400.0,1100.0,22.0,12.23,33.04,1.0,1.0
669,OCRBR5017M1,OCRBR5017M1-140822,RIO PESQUERIA AGUAS ABAJO PTAR NORTE,LÓTICO,2022-08-08,2022,13.0,2400.0,11.0,67.0,20.63,33.73,1.0,1.0
670,OCRBR5009M1,OCRBR5009M1-140822,PARQUE NACATAZ,LÓTICO,2022-10-18,2022,10.0,93.0,43.0,88.0,2.0,10.0,1.0,1.0
671,OCRBR5031M1,OCRBR5031M1-140822,TOPO CHICO (AGUAS ARRIBA PTAR AGUA FRIA),LÓTICO,2022-08-14,2022,10.0,2400.0,210.0,11.0,14.37,38.63,1.0,1.0
672,OCRBR5032M1,OCRBR5032M1-140822,TOPO CHICO (AGUAS ABAJO PTAR AGUA FRIA),LÓTICO,2022-08-14,2022,10.0,2400.0,75.0,17.0,11.97,29.18,1.0,1.0
673,OCRBR5122M1,OCRBR5122M1-070822,AGUAS ABAJO DE PUENTE INTERNACIONAL NUEVO PROGRESO,LÓTICO,2022-08-02,2022,38.0,2400.0,240.0,85.0,2.0,12.49,1.0,1.0
674,OCRBR5111M1,OCRBR5111M1-070822,PUENTE INTERNACIONAL VIEJO MATAMOROS.,LÓTICO (HUMEDAL),2022-08-01,2022,10.0,2400.0,460.0,78.0,2.0,10.0,1.0,1.0
676,OCRBR5123M1W1,OCRBR5123M1W1-070822,REPRESA EL RETAMAL,LÓTICO,2022-08-02,2022,44.0,1100.0,210.0,86.0,2.0,41.05,1.0,1.0
677,OCRBR5127M1,OCRBR5127M1-070822,RIO BRAVO 1,LÓTICO,2022-08-02,2022,40.0,2400.0,460.0,86.0,4.1,47.13,1.0,1.0
678,OCRBR5129M1,OCRBR5129M1-070822,RIO BRAVO 2,LÓTICO,2022-08-03,2022,29.0,1100.0,150.0,86.0,2.05,19.01,1.0,1.0
679,OCRBR5132M1,OCRBR5132M1-070822,RIO BRAVO AGUAS ARRIBA PUENTE INTERNACIONAL REYNOSA,LÓTICO,2022-08-03,2022,28.0,2400.0,2400.0,85.0,2.05,10.0,1.0,1.0
680,OCRBR5140M1,OCRBR5140M1-110922,RIO BRAVO (AGUAS ABAJO DREN RANCHERIAS),LÓTICO,2022-10-17,2022,10.0,150.0,93.0,69.0,2.05,16.11,1.0,1.0
681,OCRBR5131M1,OCRBR5131M1-070822,AGUAS ABAJO DEL PUENTE INTERNACIONAL REYNOSA,LÓTICO,2022-08-03,2022,30.0,2400.0,2400.0,87.0,2.05,36.71,1.0,1.0
682,OCRBR5136M1,OCRBR5136M1-110922,RIO BRAVO 4 (AL NORESTE DE GUSTAVO DIAZ ORDAZ),LÓTICO,2022-10-17,2022,10.0,210.0,210.0,85.0,2.65,30.77,1.0,1.0
683,OCRBR5134M1,OCRBR5134M1-110922,RIO BRAVO 3,LÓTICO,2022-10-17,2022,10.0,43.0,43.0,78.0,3.73,10.0,1.0,1.0
684,OCRBR5193M1,OCRBR5193M1-110922,PUENTE INTERNACIONAL MIGUEL ALEMAN,LÓTICO,2022-08-22,2022,10.0,2400.0,2400.0,91.0,2.0,43.56,1.0,1.0
685,OCRBR5208M1,OCRBR5208M1-070822,PUENTE INTERNACIONAL I NUEVO LAREDO,LÓTICO,2022-08-04,2022,84.0,2400.0,2400.0,87.0,3.33,52.69,1.0,1.0
686,SC-07,SC-07-091022,PMRC 1,LÓTICO Y SEDIMENTOS,2022-10-12,2022,10.0,548.0,20.0,23.6,2.0,49.9,1.0,1.0
687,OCRBR5209M1,OCRBR5209M1-070822,RIO BRAVO FRENTE A COMAPA,LÓTICO,2022-08-04,2022,100.0,1100.0,1100.0,87.0,2.61,39.48,1.0,1.0
689,SC-08,SC-08-091022,PM ESTACIÓN 22,LÓTICO,2022-10-10,2022,10.0,11199.0,1354.0,21.2,2.0,50.74,1.0,1.0
690,SC-08,SC-08-310722,PM ESTACIÓN 22,LÓTICO,2022-07-28,2022,10.0,10462.0,3654.0,10.0,3.04,31.0,1.0,1.0
691,SC-07,SC-07-310722,PMRC 1,LÓTICO Y SEDIMENTOS,2022-07-27,2022,20.6,24196.0,145.0,76.7,2.0,15.48,1.0,1.0
692,SC-09,SC-09-091022,PM SITIO 2 REF 1,LÓTICO Y SEDIMENTOS,2022-10-14,2022,10.0,24196.0,24196.0,10.0,10.8,49.72,1.0,1.0
693,SC-18,SC-18-091022,PM R HONDO,LÓTICO,2022-10-13,2022,11.3,794.0,52.0,21.4,2.0,10.0,1.0,1.0
694,SC-18,SC-18-310722,PM R HONDO,LÓTICO,2022-07-27,2022,30.1,1450.0,74.0,71.9,2.0,10.0,1.0,1.0
695,SD-11,SD-11-110922,HUMEDALES DE MONTAÑA MARÍA EUGENIA,LÓTICO,2022-09-07,2022,42.0,28.0,7.0,74.8,37.44,42.11,1.0,1.0
696,OCRBR5011M1,OCRBR5011M1-110922,RIO PESQUERIA PUENTE LINCOLN,LÓTICO,2022-10-18,2022,28.0,2400.0,1100.0,48.0,8.87,42.87,1.0,1.0
697,OCRBR5038M1,OCRBR5038M1-140822,LA SILLA,LÓTICO,2022-08-10,2022,10.0,2400.0,2400.0,40.0,2.0,26.77,1.0,1.0
698,OCRBR5030M1,OCRBR5030M1-110922,RIO PESQUERIA (AGUAS ABAJO PTAR SANTA ROSA),LÓTICO,2022-08-15,2022,13.0,2400.0,2400.0,38.0,17.2,38.77,1.0,1.0
699,OCRBR5044M1,OCRBR5044M1-110922,LA ARENA,LÓTICO,2022-08-15,2022,10.0,2400.0,2400.0,74.0,21.4,37.51,1.0,1.0
700,OCRBR5029M1,OCRBR5029M1-110922,RIO PESQUERIA (AGUAS ARRIBA PTAR SANTA ROSA),LÓTICO,2022-08-15,2022,34.0,2400.0,2400.0,32.0,20.8,49.57,1.0,1.0
701,OCRBR5077M1,OCRBR5077M1-140822,RIO RAMOS,LÓTICO,2022-08-11,2022,10.0,2400.0,2400.0,96.0,2.0,20.92,1.0,1.0
702,OCRBR5082M1,OCRBR5082M1-140822,RIO PILON,LÓTICO,2022-08-11,2022,10.0,2400.0,2400.0,87.0,2.0,32.64,1.0,1.0
703,OCRBR5049M1,OCRBR5049M1-110922,LOS RAMONES,LÓTICO,2022-08-17,2022,126.0,2400.0,2400.0,85.0,9.73,59.98,1.0,1.0
704,OCPBC4234,OCPBC4234-180922,ARROYO ALAMAR 3,LÓTICO,2022-09-22,2022,96.3,2419600.0,2419600.0,10.0,199.25,271.28,1.0,2.78
705,OCPBC4260,OCPBC4260-250922,RIO TECATE,LÓTICO,2022-09-22,2022,31.2,2419600.0,2419600.0,10.0,95.5,179.28,1.0,2.82
706,OCFSU2931,OCFSU2931-280822,RIO SAN VICENTE 5,LÓTICO,2022-08-24,2022,14.0,20.0,3.0,57.6,16.86,68.07,1.0,1.0
707,OCFSU2940,OCFSU2940-280822,RIO SAN VICENTE 3,LÓTICO,2022-08-24,2022,16.0,93.0,28.0,58.5,8.58,28.56,1.0,1.0
708,OCFSU2965,OCFSU2965-280822,RIO SAN VICENTE 4,LÓTICO,2022-08-24,2022,14.0,9.0,3.0,58.3,14.76,29.51,1.0,1.0
709,OCFSU6485,OCFSU6485-210822,ARROYO SABINAL,LÓTICO,2022-08-19,2022,34.0,23.0,3.0,90.0,48.0,61.4,1.0,1.0
710,OCFSU2941,OCFSU2941-280822,RIO SAN VICENTE 2,LÓTICO,2022-08-24,2022,20.0,20.0,15.0,54.8,28.92,66.64,1.0,1.0
711,OCFSU6489,OCFSU6489-280822,RÍO EL TABLÓN II,LÓTICO,2022-08-26,2022,328.0,2400.0,2400.0,86.1,30.24,40.94,1.0,1.0
712,OCFSU6490,OCFSU6490-280822,RÍO EL TABLÓN III,LÓTICO,2022-08-26,2022,122.0,2400.0,1100.0,90.5,19.08,25.7,1.0,1.0
713,OCFSU6486,OCFSU6486-210822,PUENTE,LÓTICO,2022-08-19,2022,58.0,2400.0,1100.0,85.2,30.78,44.74,1.0,1.0
714,OCGCE3174M1,OCGCE3174M1-040922,RIO MEDIO,LÓTICO,2022-08-31,2022,13.0,24000.0,24000.0,30.0,13.0,79.54,1.0,1.0
716,OCGCE3214,OCGCE3214-110922,PUENTE ENTABLADERO (ESPINAL),LÓTICO,2022-09-09,2022,31.0,24000.0,11000.0,69.3,2.43,31.21,1.0,1.0
717,OCGCE3293M1,OCGCE3293M1-040922,COETZALA,LÓTICO,2022-08-30,2022,92.0,2100.0,1500.0,63.0,2.25,45.38,1.0,1.0
718,OCGCE3311,OCGCE3311-110922,PUENTE MISANTLA,LÓTICO (HUMEDAL),2022-09-06,2022,10.0,2400.0,930.0,67.2,2.0,38.29,1.0,1.0
719,OCGCE3243,OCGCE3243-110922,MARTINEZ DE LA TORRE (CITROSOL),LÓTICO,2022-09-06,2022,65.7,11000.0,2100.0,10.0,780.0,1581.6,1.4,13.51
720,OCGCE3247,OCGCE3247-250922,LAS MARGARITAS,LÓTICO (HUMEDAL),2022-09-21,2022,11.0,4600.0,750.0,66.0,2.0,18.29,1.0,1.0
721,DLBAJ120M1,DLBAJ120M1-110922,BOCA DE LA SIERRA,LÓTICO (HUMEDAL),2022-10-05,2022,10.0,52.0,10.0,120.7,2.0,10.0,1.0,1.0
722,OCGCE3281M1,OCGCE3281M1-110922,PLAN DE SEDEÑO,LÓTICO,2022-09-05,2022,33.0,930.0,230.0,37.5,2.0,32.04,1.0,1.0
723,DLBAJ126,DLBAJ126-110922,MANANTIAL SAN BARTOLO,LÓTICO,2022-09-11,2022,10.0,173.0,10.0,98.9,2.0,10.0,1.0,1.0
724,DLBAJ155,DLBAJ155-250922,RIO MULEGE 2,LÓTICO,2022-09-22,2022,10.0,2481.0,10.0,118.6,2.0,10.0,1.0,1.0
725,OCGCE3282,OCGCE3282-110922,LA ORDUÑA III (PUENTE),LÓTICO,2022-09-05,2022,12.0,4600.0,2400.0,54.3,2.0,30.38,1.0,1.0
726,DLBAJ156,DLBAJ156-250922,RIO MULEGE 1,LÓTICO,2022-09-22,2022,10.0,9804.0,10.0,103.8,2.0,49.13,1.0,1.0
727,DLBAJ109,DLBAJ109-021022,MANANTIAL SAN REGIS,LÓTICO,2022-09-29,2022,13.2,1956.0,98.0,81.6,2.0,10.0,1.0,1.0
728,DLBAJ112,DLBAJ112-110922,AGUA CALIENTE II,LÓTICO,2022-10-05,2022,10.0,355.0,20.0,108.9,2.0,10.0,1.0,1.0
731,OCGCE3183,OCGCE3183-040922,VILLA AZUETA,LÓTICO (HUMEDAL),2022-08-19,2022,128.1,8664.0,933.0,92.8,2.0,10.0,1.0,1.0
732,DLQUE2125,DLQUE2125-040922,ENTRADA PRESA CENTENARIO,LÓTICO,2022-08-31,2022,48.2,68670.0,32550.0,10.0,205.0,360.0,1.0,6.41
733,OCGCE3191,OCGCE3191-250922,"COMPAÑIA INDUSTRIAL AZUCARERA, S.A DE C.V. (AGUAS ARRIBA)",LÓTICO,2022-08-25,2022,98.0,48840.0,12910.0,93.0,8.1,11.7,1.0,1.0
734,OCGCE3184,OCGCE3184-040922,LOMA BONITA,LÓTICO (HUMEDAL),2022-08-19,2022,10.0,2359.0,63.0,46.2,2.0,10.0,1.0,1.0
735,OCGCE3198,OCGCE3198-280822,LERDO DE TEJADA,LÓTICO (HUMEDAL),2022-08-25,2022,12.0,24000.0,11000.0,51.0,2.0,61.21,1.0,1.0
736,OCGCE3212,OCGCE3212-110922,PROGRESO DE ZARAGOZA,LÓTICO,2022-09-09,2022,24.0,11000.0,4600.0,68.5,2.57,34.54,1.0,1.0
737,OCGCE3186,OCGCE3186-250922,PALOMARES,LÓTICO,2022-08-19,2022,13.6,19863.0,591.0,90.7,2.0,10.0,1.0,1.0
738,OCGCE3305,OCGCE3305-040922,EL LIMONCITO,LÓTICO,2022-08-30,2022,11.0,24000.0,24000.0,67.0,2.0,38.71,1.0,1.0
739,OCGCE3237,OCGCE3237-110922,PUNTILLA ALDAMA,LÓTICO,2022-09-07,2022,274.6,2400.0,430.0,46.4,5.0,58.29,1.0,1.0
741,OCGCE3240,OCGCE3240-110922,MARTINEZ DE LA TORRE (CITROFRUT),LÓTICO,2022-09-07,2022,18.0,11000.0,2400.0,16.3,4.33,52.88,1.0,1.0
742,OCFSU2943,OCFSU2943-280822,RIO SAN VICENTE 0,LÓTICO,2022-08-24,2022,14.0,28.0,15.0,55.4,30.42,67.59,1.0,1.0
743,OCGCE3268,OCGCE3268-110922,XALAPA-CASTILLO (PUENTE EL TRONCONAL),LÓTICO,2022-09-05,2022,50.0,24000.0,2100.0,26.4,6.0,54.54,1.0,1.0
745,OCPSU4719M1,OCPSU4719M1-110922,LOS PERROS XADANI,LÓTICO,2022-10-18,2022,39.0,24196.0,24196.0,62.3,10.0,10.0,1.0,1.0
746,OCPSU4724,OCPSU4724-110922,RIO TEHUANTEPEC 4,LÓTICO,2022-09-06,2022,10.0,3255.0,20.0,87.0,2.0,10.87,1.0,1.0
747,OCPSU4696M1,OCPSU4696M1-250922,SAN ANTONIO DE LA CAL 1,LÓTICO,2022-09-23,2022,57.9,210.0,150.0,10.0,53.33,124.54,1.76,1.0
748,DLHID6516,DLHID6516-301022,SOLEDAD DE COYUL,LÓTICO,2022-10-27,2022,10.0,10.0,10.0,107.4,4.24,10.0,1.0,1.0
749,OCGCE3420,OCGCE3420-250922,MEXPAPE (LA CORTINA),LÓTICO,2022-10-24,2022,10.0,240.0,93.0,56.2,2.0,13.24,1.0,1.0
750,DLHID6518,DLHID6518-301022,HUATEPANGO,LÓTICO,2022-10-27,2022,10.0,52.0,41.0,116.3,2.0,10.0,1.0,1.0
751,OCPSU4753,OCPSU4753-110922,PUENTE SALTILLO,LÓTICO,2022-09-08,2022,45.2,24196.0,24196.0,75.7,16.0,19.32,1.0,1.0
752,OCPSU4754,OCPSU4754-110922,PUENTE LOS PERROS,LÓTICO,2022-09-08,2022,32.7,24196.0,15531.0,76.0,16.9,18.48,1.0,1.0
753,DLHID6520,DLHID6520-301022,CAÑITAS,LÓTICO,2022-10-28,2022,10.0,20.0,10.0,106.1,4.36,10.0,1.0,1.0
754,DLHID6521,DLHID6521-061122,ACOPINALCO,LÓTICO,2022-10-31,2022,48.0,24196.0,24196.0,10.0,9.3,387.44,1.0,2.2
755,DLHID6517,DLHID6517-301022,PALO VERDE,LÓTICO,2022-10-27,2022,10.0,10.0,10.0,103.2,4.88,10.0,1.0,1.0
757,OCPSU4755,OCPSU4755-110922,RIO LOS PERROS 4,LÓTICO,2022-09-07,2022,31.9,24196.0,12033.0,86.4,16.8,19.32,1.0,1.0
759,DLHID6519,DLHID6519-301022,BOCA DEL RIO,LÓTICO,2022-10-28,2022,10.0,10.0,10.0,93.5,4.92,10.0,1.0,1.0
761,OCPSU4756,OCPSU4756-110922,RIO LOS PERROS 3,LÓTICO,2022-09-07,2022,33.0,24196.0,6131.0,91.3,15.5,17.64,1.0,1.0
762,OCPSU4757,OCPSU4757-110922,RIO LOS PERROS 2,LÓTICO,2022-09-07,2022,27.5,12033.0,278.0,92.9,4.72,10.0,1.0,1.0
763,OCRBR5053M1,OCRBR5053M1-110922,LOS HERRERA,LÓTICO,2022-08-17,2022,107.0,2400.0,2400.0,90.0,5.93,85.86,1.0,1.0
764,DLCOL542,DLCOL542-110922,DREN ASMOLES,LÓTICO,2022-09-06,2022,100.8,24196.0,309.0,79.9,9.4,14.21,1.0,1.0
768,OCPSU4758,OCPSU4758-110922,RIO LOS PERROS 5,LÓTICO,2022-09-07,2022,25.4,11199.0,771.0,94.7,17.6,20.16,1.0,1.0
770,DLCOL547,DLCOL547-110922,LA CUMBRE,LÓTICO,2022-09-06,2022,10.0,24196.0,185.0,108.5,2.0,26.75,1.0,1.0
827,OCRBR5059M1,OCRBR5059M1-231022,LAS ENRAMADAS,LÓTICO,2022-10-19,2022,10.0,2400.0,2400.0,86.0,2.0,10.0,1.0,1.0
830,DLHID1435,DLHID1435-061122,PRESA DERIVADORA TLAMACO-JUANDHO (RS1),LÓTICO,2022-11-04,2022,136.0,2400.0,2400.0,30.5,237.75,303.32,1.0,1.0
831,DLHID1438,DLHID1438-061122,DESCARGA TERMOELECTRICA (DCFE),LÓTICO,2022-11-04,2022,84.0,2400.0,1100.0,10.0,17.64,35.22,1.0,1.0
832,DLHID1439,DLHID1439-061122,PUENTE DE LA CD. DE TULA DE ALLENDE (RT-2),LÓTICO,2022-11-04,2022,100.0,2400.0,2400.0,10.0,183.07,263.04,1.0,6.71
833,DLHID1440,DLHID1440-061122,DESCARGA PEMEX (DPM),LÓTICO,2022-11-04,2022,164.0,1100.0,460.0,10.0,93.31,134.57,1.0,5.29
834,DLDUR659,DLDUR659-061122,LA CIENEGA,LÓTICO,2022-11-05,2022,10.0,10.0,10.0,97.1,2.0,10.0,2.24,1.4
835,OCRBR5067M1,OCRBR5067M1-231022,CADEREYTA,LÓTICO,2022-10-18,2022,32.0,2400.0,460.0,66.0,12.17,86.62,1.0,1.0
836,OCRBR5078M1,OCRBR5078M1-231022,RIO BLANQUILLO,LÓTICO,2022-10-19,2022,10.0,2400.0,2400.0,94.0,2.0,10.0,1.0,1.0
837,DLHID1447,DLHID1447-061122,"SALMITEX, S.A. DE C.V. (AGUAS ABAJO)",LÓTICO,2022-11-03,2022,12.0,2400.0,460.0,44.3,19.56,40.94,1.0,1.0
839,DLHID1462,DLHID1462-131122,PISCICOLA TEZONTEPEC DE ALDAMA (RT-2A),LÓTICO,2022-11-07,2022,10.0,2400.0,1100.0,61.0,15.57,30.01,1.0,1.0
840,DLHID1442,DLHID1442-061122,PUENTE CRUZ AZUL (RT-1),LÓTICO,2022-11-03,2022,68.0,1100.0,240.0,24.5,153.66,235.54,1.0,1.0
842,DLDUR660,DLDUR660-061122,EL SALTO - DURANGO,LÓTICO,2022-11-06,2022,10.0,24196.0,24196.0,90.6,2.0,18.39,1.0,1.0
843,DLDUR715,DLDUR715-061122,RIO NOMBRE DE DIOS,LÓTICO,2022-11-04,2022,10.0,17329.0,14136.0,84.3,2.0,10.0,1.0,1.0
844,DLHID1451,DLHID1451-061122,"PILGRIM´S PRIDE, S.A. DE C.V. AGUAS ARRIBA RIO TEPEJI",LÓTICO,2022-11-03,2022,26.0,460.0,460.0,41.5,12.72,17.14,1.0,1.0
845,DLHID1458,DLHID1458-131122,KM 0+00 CANAL ENDHO (SOT),LÓTICO,2022-11-07,2022,14.0,2400.0,2400.0,33.0,132.31,163.39,1.0,1.0
846,DLHID1464,DLHID1464-131122,PUENTE CARRETERA MIXQUIAHUALA-CHILCUAUTLA (RT-3),LÓTICO,2022-11-07,2022,22.0,2400.0,240.0,65.8,13.17,27.1,1.0,1.0
848,DLHID1444,DLHID1444-061122,DESCARGA EMISOR CENTRAL,LÓTICO,2022-11-03,2022,84.0,1100.0,240.0,10.0,183.07,301.93,1.0,1.0
849,DLDUR719,DLDUR719-061122,"BIO PAPPEL PACKAGING, S.A. DE C.V. (ANTES EMPAQUES DE CARTON TITAN, S.A. DE C.V. FUSIONANTE DE EMPAQUES DEL NORTE, S.A. DE C.V.) (AGUAS ABAJO)",LÓTICO,2022-11-04,2022,48.0,880.0,359.0,72.9,12.0,42.72,1.0,1.0
850,DLDUR724,DLDUR724-061122,DERIVADORA FRANCISCO VILLA,LÓTICO,2022-11-04,2022,22.5,2143.0,771.0,141.4,19.5,36.21,1.0,1.0
851,OCCCN5261M1,OCCCN5261M1-061122,PTAR ORIENTE DE GOMEZ PALACIO,LÓTICO,2022-11-02,2022,424.0,24196.0,24196.0,10.4,1165.0,2203.75,2.23,27.78
852,DLHID1495,DLHID1495-131122,RIO TULA (PUENTE DE FIERRO),LÓTICO,2022-11-08,2022,26.0,240.0,240.0,60.1,11.1,22.26,1.0,1.0
853,DLHID1502,DLHID1502-131122,PUENTE DE LA CD. DE IXMIQUILPAN (RT-4),LÓTICO,2022-11-08,2022,16.0,460.0,460.0,72.9,13.05,25.17,1.0,1.0
854,DLDUR727,DLDUR727-061122,ACEQUIA GRANDE,LÓTICO (HUMEDAL),2022-11-04,2022,45.1,24196.0,24196.0,10.0,79.5,239.25,1.0,5.03
855,DLDUR734,DLDUR734-061122,EMBOTELLADORA GUADIANA S.A. DE C.V. (AGUAS ABAJO),LÓTICO,2022-11-04,2022,33.8,24196.0,24196.0,14.5,120.0,195.85,1.44,3.98
856,DLSAN2353,DLSAN2353-131122,INGENIO PLAN DE AYALA S.A. DE C.V.  (AGUAS ABAJO),LÓTICO,2022-11-07,2022,10.0,2400.0,2400.0,88.0,2.0,10.0,1.0,1.0
857,DLSAN2356,DLSAN2356-131122,FIDEICOMISO INGENIO PLAN DE SAN LUIS (AGUAS ABAJO),LÓTICO,2022-11-07,2022,22.0,2400.0,2400.0,90.0,2.0,10.0,1.0,1.0
858,PUENTE EL OLMO 2,PUENTE EL OLMO 2-131122,PUENTE EL OLMO 2,LÓTICO,2022-11-10,2022,10.0,794.0,52.0,28.3,2.0,10.0,1.0,1.0
859,OCRBR5099M1,OCRBR5099M1-231022,EL POPOTE (O CAMACHO),LÓTICO,2022-10-19,2022,10.0,2400.0,2400.0,84.0,2.0,10.0,1.0,1.0
860,DLDUR773M1,DLDUR773M1-061122,PUENTE LOS ÍDOLOS,LÓTICO,2022-11-06,2022,20.6,24196.0,24196.0,93.6,2.0,10.0,1.0,1.0
861,DLSAN2367,DLSAN2367-131122,TAMUIN,LÓTICO (HUMEDAL),2022-11-08,2022,10.0,2400.0,2400.0,88.0,2.0,10.0,1.0,1.0
862,DLSAN2375,DLSAN2375-131122,ESTACION HIDROMETRICA GALLINAS,LÓTICO,2022-11-08,2022,10.0,2400.0,2400.0,88.0,2.0,10.0,1.0,1.0
863,CARMINA 2,CARMINA 2-131122,CARMINA 2,LÓTICO,2022-11-08,2022,10.0,1076.0,41.0,97.9,2.0,10.0,1.0,1.0
864,RIO EL COLORADO,RIO EL COLORADO-131122,RIO EL COLORADO,LÓTICO,2022-11-08,2022,10.0,11000.0,2100.0,71.2,2.0,26.0,1.0,1.0
865,RIO SANTO DOMINGO (REF),RIO SANTO DOMINGO (REF)-131122,RÍO SANTO DOMINGO (REF.),LÓTICO,2022-11-09,2022,10.0,230.0,90.0,88.8,2.0,10.14,1.0,1.0
866,U. RIEGO VECINOS DE ACUITLAPILCO,U. RIEGO VECINOS DE ACUITLAPILCO-131122,UNIDAD DE RIEGO VECINOS DE ACUITLAPILCO,LÓTICO,2022-11-08,2022,28.6,4611.0,3448.0,85.6,2.0,10.0,1.0,1.0
867,U. RIEGO VECINOS DE PUERTA GRANDE Y MALINALTENANGO,U. RIEGO VECINOS DE PUERTA GRANDE Y MALINALTENANGO-131122,UNIDAD DE RIEGO VECINOS DE PUERTA GRANDE Y MALINALTENANGO ,LÓTICO,2022-11-08,2022,26.0,309.0,259.0,91.8,6.72,65.03,1.0,1.0
868,DLSAN2388,DLSAN2388-131122,"INGENIO ALIANZA POPULAR, S.A. DE C.V. (AGUA ABAJO)",LÓTICO,2022-11-08,2022,10.0,2400.0,2400.0,89.0,2.0,10.0,1.0,1.0
869,SANTO DOMINGO,SANTO DOMINGO-131122,SANTO DOMINGO,LÓTICO,2022-11-09,2022,10.0,11000.0,4600.0,72.1,2.0,10.0,1.0,1.0
870,LA CURVA,LA CURVA-131122,LA CURVA,LÓTICO,2022-11-08,2022,10.0,473.0,10.0,45.4,2.0,10.0,1.0,1.0
871,LOURDES M2,LOURDES M2-131122,LOURDES M2,LÓTICO,2022-11-08,2022,10.0,86.0,10.0,53.5,2.0,10.0,1.0,1.0
872,U. RIEGO VECINOS DEL PUEBLO DE MALINALTENANGO,U. RIEGO VECINOS DEL PUEBLO DE MALINALTENANGO-131122,UNIDAD DE RIEGO VECINOS DEL PUEBLO DE MALINALTENANGO,LÓTICO,2022-11-08,2022,10.0,24196.0,1842.0,79.6,4.4,15.73,1.0,1.0
873,DLSAN2392,DLSAN2392-061122,"CITROFRUT, S.A. DE C.V. (AGUAS ABAJO)",LÓTICO,2022-11-03,2022,10.0,2400.0,2400.0,89.0,2.0,10.0,1.0,1.0
874,DLSAN2397,DLSAN2397-061122,TIERRA BLANCA,LÓTICO,2022-11-03,2022,10.0,2400.0,2400.0,91.0,2.0,10.0,1.0,1.0
875,OCAVM2767,OCAVM2767-271122,CUARTO DINAMO,LÓTICO,2022-11-24,2022,12.6,10.0,10.0,97.8,2.0,10.0,1.0,1.42
876,DLSAN2402,DLSAN2402-131122,"INGENIO SAN MIGUEL DEL NARANJO, S.A. DE C.V. (AGUAS ABAJO)",LÓTICO,2022-11-07,2022,10.0,2400.0,2400.0,92.0,2.0,10.0,1.0,1.0
878,OCCCN5252M1,OCCCN5252M1-061122,PTAR NORTE DE GOMEZ PALACIO,LÓTICO,2022-11-02,2022,39.0,1017.0,241.0,52.6,45.9,130.56,1.0,1.0
879,OCAVM2771,OCAVM2771-271122,A.A DE LA PRESA MADIN,LÓTICO,2022-11-25,2022,18.2,24196.0,24196.0,91.0,12.4,21.1,1.0,1.0
880,OCAVM2772,OCAVM2772-271122,A.A. PRESA MADIN,LÓTICO,2022-11-25,2022,22.5,24196.0,24196.0,10.0,51.5,119.79,1.0,1.57
881,U. RIEGO RIO DE TLAPALA A.C,U. RIEGO RIO DE TLAPALA A.C-131122,UNIDAD DE RIEGO RIO DE TLAPALA A.C,LÓTICO,2022-11-08,2022,14.3,148.0,63.0,100.7,2.0,10.0,1.0,1.0
882,SITIO NUEVO 1,SITIO NUEVO 1-271122,RÍO ESLAVA 2,LÓTICO,2022-11-24,2022,235.3,241960.0,241960.0,10.0,461.0,1022.05,2.63,25.64
883,SITIO NUEVO 3,SITIO NUEVO 3-271122,SEGUNDO DINAMO,LÓTICO,2022-11-24,2022,10.0,97.0,30.0,97.8,2.0,10.0,1.0,1.2
884,SITIO NUEVO 4,SITIO NUEVO 4-271122,LA CAÑADA,LÓTICO,2022-11-24,2022,10.0,132.0,30.0,96.5,2.0,10.0,1.0,1.0
