,CLAVE SITIO,CLAVE MONITOREO,NOMBRE DEL SITIO,TIPO CUERPO DE AGUA,FECHA REALIZACIÓN,AÑO,Alc_Tot,Cond_elec,Dur_Tot,SDT,Fe_Tot,Mn_Tot,Fluo,CF,N_NO3,As_Tot,Cd_Tot,Cr_Tot,Hg_Tot,Pb_Tot
0,CAZEPA-11,CAZEPA-11-310722,POZO LAS AURAS,SUBTERRÁNEO,2022-07-29 00:00:00,2022,176.8,548.0,188.0,322.0,0.029,0.002,0.5,10.0,3.843,0.021,0.00130148,0.003,0.000201289,0.00154
1,CAZEPA-2,CAZEPA-2-310722,POZO SAN FERNANDO 2,SUBTERRÁNEO,2022-07-26 00:00:00,2022,168.4,378.0,152.0,247.4,0.0041,0.088,0.55,10.0,0.295,0.0085,0.00130148,0.0023,0.000201289,0.00154
2,CAZEPA-9,CAZEPA-9-310722,POZO VILLA JARDIN,SUBTERRÁNEO,2022-07-29 00:00:00,2022,204.4,564.0,238.0,400.8,0.0089,0.00021,0.53,10.0,4.296,0.022,0.00130148,0.0012,0.000201289,0.00154
3,CAZEPA-3,CAZEPA-3-310722,POZO SAN FERNANDO 3,SUBTERRÁNEO,2022-07-26 00:00:00,2022,203.4,540.0,220.0,384.4,0.051,0.003,0.47,10.0,1.748,0.016,0.00130148,0.0012,0.000201289,0.00154
4,CAZEPA-4,CAZEPA-4-310722,POZO SAN FERNANDO 4,SUBTERRÁNEO,2022-07-26 00:00:00,2022,206.8,551.0,216.0,387.8,0.015,0.049,0.52,10.0,1.058,0.013,0.00130148,0.003,0.000201289,0.00154
5,CAZEPA-7,CAZEPA-7-310722,POZO SAN FERNANDO 7,SUBTERRÁNEO,2022-07-26 00:00:00,2022,203.4,532.0,220.0,378.8,0.0044,0.00021,0.46,10.0,1.21,0.011,0.00130148,0.0012,0.000201289,0.00154
6,CAZEPA-8,CAZEPA-8-310722,POZO EL BORDO,SUBTERRÁNEO,2022-07-29 00:00:00,2022,225.4,502.0,240.0,392.8,0.907,0.042,0.34,41.0,4.118,0.0015,0.00130148,0.0023,0.000201289,0.00154
7,CAZEPA-1,CAZEPA-1-310722,POZO SAN FERNANDO 1,SUBTERRÁNEO,2022-07-27 00:00:00,2022,141.3,279.0,132.0,184.6,0.0041,0.00021,0.52,10.0,0.317,0.0074,0.00130148,0.0012,0.000201289,0.00154
8,DLAGU42,DLAGU42-210822,CALVILLO POZO NO. 1 INDEPENDENCIA,SUBTERRÁNEO,2022-08-25 00:00:00,2022,117.2,354.0,94.4,269.0,0.005,0.00021,1.04,10.0,2.732,0.0015,0.00130148,0.0012,0.000201289,0.00154
9,CAZEPA-10,CAZEPA-10-070822,POZO EL HUARACHE,SUBTERRÁNEO,2022-08-01 00:00:00,2022,200.0,519.0,230.0,378.0,0.375,0.025,0.43,10.0,3.182,0.01,0.00130148,0.0034,0.000201289,0.015
10,DLAGU3,DLAGU3-210822,PALO ALTO POZO Nº 2,SUBTERRÁNEO,2022-08-25 00:00:00,2022,202.9,514.0,128.5,396.4,0.0075,0.00021,3.06,10.0,1.591,0.0015,0.00130148,0.0012,0.000201289,0.00154
11,CAZEPA-25,CAZEPA-25-310722,POZO RAYMUNDO,SUBTERRÁNEO,2022-07-29 00:00:00,2022,170.2,372.0,162.0,242.8,0.0041,0.003,0.48,10.0,0.44,0.0079,0.00130148,0.0014,0.000201289,0.00154
12,DLAGU19,DLAGU19-210822,POZO PASO BLANCO,SUBTERRÁNEO,2022-08-18 00:00:00,2022,429.7,925.0,283.1,620.8,0.0071,0.001,1.01,10.0,1.671,0.0015,0.00130148,0.0046,0.000201289,0.00154
13,DLAGU5576,DLAGU5576-210822,POZO NUM 6 PARRAS,SUBTERRÁNEO,2022-08-18 00:00:00,2022,218.1,526.0,140.6,382.2,0.0099,0.00021,1.36,10.0,1.453,0.016,0.00130148,0.0044,0.000201289,0.00154
14,CAZEPA-5,CAZEPA-5-310722,POZO SAN FERNANDO 5,SUBTERRÁNEO,2022-07-26 00:00:00,2022,207.9,546.0,226.0,395.2,0.013,0.009,0.46,10.0,0.891,0.015,0.00130148,0.0012,0.000201289,0.00154
15,DLAGU49,DLAGU49-210822,POZO TAPIAS VIEJAS,SUBTERRÁNEO,2022-08-25 00:00:00,2022,170.3,376.0,106.4,250.4,0.0044,0.00021,1.78,10.0,1.652,0.0015,0.00130148,0.0012,0.000201289,0.00154
16,DLAGU7,DLAGU7-210822,POZO COSIO,SUBTERRÁNEO,2022-08-18 00:00:00,2022,202.9,555.0,112.4,327.4,0.0041,0.00021,1.74,10.0,1.527,0.035,0.00130148,0.002,0.000201289,0.00154
17,DLBAJ119,DLBAJ119-250922,AGUA AMARGA Y SAN PEDRO MEXICO,SUBTERRÁNEO,2022-09-08 00:00:00,2022,134.5,1186.0,239.5,682.0,0.0055,0.00021,0.5,52.0,5.445,0.0015,0.00130148,0.0047,0.000201289,0.00154
18,DLBAJ125,DLBAJ125-250922,JUAN DOMINGUEZ COTA,SUBTERRÁNEO,2022-09-08 00:00:00,2022,97.7,4934.0,940.0,3210.0,0.777,0.034,0.26,10.0,0.863,0.028,0.00130148,0.00405,0.0006,0.164
19,DLBAJ129,DLBAJ129-110922,"SP. A.P. 1, L. 9, COL. SIN.",SUBTERRÁNEO,2022-09-19 00:00:00,2022,192.8,893.0,232.7,582.4,0.021,0.00021,0.39,10.0,9.611,0.0015,0.00130148,0.0046,0.000201289,0.00154
20,DLBAJ136,DLBAJ136-250922,EL SARGENTO,SUBTERRÁNEO,2022-09-08 00:00:00,2022,125.9,514.0,51.5,281.6,0.114,0.005,0.5,10.0,0.688,0.138,0.00130148,0.006,0.000201289,0.00154
21,DLBAJ118,DLBAJ118-250922,SAN ANTONIO,SUBTERRÁNEO,2022-09-11 00:00:00,2022,329.8,1441.0,530.4,1098.3,0.25,0.018,0.55,3654.0,6.819,0.58,0.00130148,0.0012,0.000201289,0.00154
22,DLBAJ130,DLBAJ130-110922,L. 16-17 COL. LAGUNA,SUBTERRÁNEO,2022-09-13 00:00:00,2022,247.9,1073.0,136.1,701.0,0.094,0.002,0.61,10.0,2.912,0.0015,0.00130148,0.013,0.000201289,0.00154
23,DLAGU9,DLAGU9-210822,POZO EL SALITRILLO,SUBTERRÁNEO,2022-08-18 00:00:00,2022,317.9,681.0,196.8,460.8,0.0041,0.00021,1.15,31.0,1.318,0.016,0.00130148,0.0047,0.000201289,0.00154
24,DLBAJ131,DLBAJ131-110922,"L. 20, EJ. STO. DOMINGO",SUBTERRÁNEO,2022-09-13 00:00:00,2022,269.3,8467.0,2794.1,7084.0,1.308,0.026,0.55,3448.0,5.17,0.0015,0.00130148,0.0038,0.000201289,0.00154
25,DLBAJ127,DLBAJ127-250922,TIRO SANTA CRUZ,SUBTERRÁNEO,2022-09-11 00:00:00,2022,252.8,1320.0,550.2,988.3,0.012,0.00021,0.38,51.0,0.237,0.13,0.00130148,0.0012,0.000201289,0.00154
26,DLBAJ5534,DLBAJ5534-110922,POZO AP EL CENTENARIO,SUBTERRÁNEO,2022-09-08 00:00:00,2022,200.7,932.0,122.7,533.0,0.0073,0.00021,0.69,10.0,2.547,0.03,0.00130148,0.007,0.000201289,0.00154
27,DLBAJ157,DLBAJ157-110922,MULEGE 1,SUBTERRÁNEO,2022-09-21 00:00:00,2022,192.8,1419.0,365.6,948.0,0.011,0.002,0.34,10.0,10.096,0.013,0.00130148,0.0024,0.000201289,0.00154
28,DLBAJ70,DLBAJ70-180922,POZO NO. XII (ANTES A.P. XII),SUBTERRÁNEO,2022-09-23 00:00:00,2022,204.0,2202.0,745.8,1721.3,0.031,0.002,0.4,10.0,5.358,0.015,0.00130148,0.0012,0.000201289,0.00154
29,DLBAJ137M1,DLBAJ137M1-250922,POZO 51 AP,SUBTERRÁNEO,2022-09-08 00:00:00,2022,99.8,2114.0,542.2,1417.7,0.027,0.00021,0.3,10.0,11.725,0.0015,0.00130148,0.00385,0.000201289,0.00154
30,DLBAJ5536,DLBAJ5536-110922,POZO AP LA ARDILLA 2,SUBTERRÁNEO,2022-09-06 00:00:00,2022,243.0,1737.0,172.2,989.7,0.0098,0.00021,0.9,10.0,5.91,0.049,0.00130148,0.012,0.000201289,0.00154
31,DLBAJ71,DLBAJ71-180922,A.P. NO. X,SUBTERRÁNEO,2022-09-23 00:00:00,2022,157.3,1577.0,648.1,1343.7,0.04,0.00021,0.33,10.0,6.007,0.0015,0.00130148,0.0012,0.000201289,0.00154
32,DLBAJ183,DLBAJ183-110922,LAGUNEROS 2,SUBTERRÁNEO,2022-09-14 00:00:00,2022,141.8,824.0,274.2,630.4,0.19,0.00021,0.31,10.0,1.57,0.0015,0.00130148,0.037,0.000201289,0.00154
33,DLBAJ54,DLBAJ54-250922,POZO NO.VII R(ANTES A.P. VII),SUBTERRÁNEO,2022-09-09 00:00:00,2022,121.5,685.0,160.3,437.4,0.0041,0.00021,0.22,10.0,8.107,0.0015,0.00130148,0.0012,0.000201289,0.00154
34,DLBAJ5535,DLBAJ5535-110922,POZO AP LA ARDILLA 1 ,SUBTERRÁNEO,2022-09-06 00:00:00,2022,227.8,1367.0,195.9,767.0,0.0092,0.00021,0.94,10.0,5.59,0.045,0.00130148,0.01,0.000201289,0.00154
35,DLBAJ81,DLBAJ81-250922,POZO CLAVE 2,SUBTERRÁNEO,2022-09-08 00:00:00,2022,219.2,2371.0,457.1,2136.3,0.34,0.097,0.87,1860.0,1.311,0.0015,0.00130148,0.0012,0.000201289,0.00154
36,DLBAJ72,DLBAJ72-180922,POZO NO. XI (ANTES A.P. XI),SUBTERRÁNEO,2022-09-23 00:00:00,2022,131.9,1762.0,714.6,1582.7,0.125,0.00021,0.25,10.0,6.964,0.0015,0.00130148,0.0012,0.000201289,0.00154
37,DLBAJ93,DLBAJ93-021022,POZO JAVIER ARAMBURO,SUBTERRÁNEO,2022-09-27 00:00:00,2022,174.6,1210.0,234.7,805.2,0.0041,0.009,2.03,10.0,1.42,0.0015,0.00130148,0.0012,0.000201289,0.00154
44,DLCAM244,DLCAM244-301022,POZO DEL SISTEMA DE AGUA POTABLE DE ALFREDO V. BONFIL,SUBTERRÁNEO,2022-10-29 00:00:00,2022,300.4,923.0,347.7,631.0,0.0052,0.00021,0.6,15.0,7.476,0.0015,0.00130148,0.0012,0.000201289,0.00154
47,DLCAM246,DLCAM246-061122,POZO 6 DEL SISTEMA DE AGUA POTABLE DE HOPELCHEN,SUBTERRÁNEO,2022-10-31 00:00:00,2022,346.0,1293.0,374.6,755.0,0.0041,0.00021,0.34,3.0,12.336,0.0015,0.00130148,0.0034,0.000201289,0.00154
54,DLCAM245,DLCAM245-301022,POZO DEL SISTEMA DE AGUA POTABLE DE PUEBLO NUEVO,SUBTERRÁNEO,2022-10-29 00:00:00,2022,357.1,1404.0,463.0,948.0,0.049,0.002,0.33,39.0,17.239,0.0015,0.00130148,0.008,0.000201289,0.00154
58,DLCAM253,DLCAM253-061122,POZO 2 DEL SISTEMA DE AGUA POTABLE DE CALKINI,SUBTERRÁNEO,2022-10-31 00:00:00,2022,362.7,2168.0,795.4,1586.0,0.322,0.026,0.33,3.0,6.189,0.0015,0.00130148,0.009,0.000201289,0.00154
59,DLCAM248,DLCAM248-061122,POZO DEL SISTEMA DE AGUA POTABLE DE NOHALAL,SUBTERRÁNEO,2022-10-31 00:00:00,2022,319.0,1695.0,603.3,1216.0,0.03,0.00021,0.87,3.0,6.194,0.0015,0.00130148,0.006,0.000201289,0.00154
60,DLCAM233,DLCAM233-301022,POZO 1 DEL SISTEMA DE AGUA POTABLE DE ULUMAL,SUBTERRÁNEO,2022-10-29 00:00:00,2022,329.2,1363.0,591.7,1031.0,0.068,0.004,0.36,120.0,1.906,0.0015,0.00130148,0.011,0.000201289,0.00154
65,DLCAM249,DLCAM249-061122,POZO 1 DEL SISTEMA DE AGUA POTABLE DE HECELCHAKAN,SUBTERRÁNEO,2022-10-31 00:00:00,2022,342.2,2168.0,545.6,1454.0,0.076,0.0013,0.26,3.0,6.334,0.0015,0.00130148,0.008,0.000201289,0.00154
69,DLCHI291,DLCHI291-310722,CONEJOS-MEDANOS 2,SUBTERRÁNEO,2022-07-26 00:00:00,2022,53.1,1762.0,126.0,1008.4,0.023,0.018,1.54,41.0,0.68,0.022,0.00130148,0.0012,0.000201289,0.00154
71,DLCHI296,DLCHI296-310722,VALLE DE JUAREZ 1,SUBTERRÁNEO,2022-07-25 00:00:00,2022,174.0,1651.0,392.0,1171.8,0.025,0.027,0.38,10.0,2.445,0.0015,0.00130148,0.0012,0.000201289,0.00154
72,DLCHI297,DLCHI297-310722,VALLE DE JUAREZ 2,SUBTERRÁNEO,2022-07-25 00:00:00,2022,201.1,1210.0,104.0,801.2,0.335,0.017,2.08,10.0,0.699,0.0015,0.00130148,0.0015,0.000201289,0.00154
74,DLCHI409M1,DLCHI409M1-310722,MEOQUI-DELICIAS (M-101),SUBTERRÁNEO,2022-07-28 00:00:00,2022,238.7,1858.0,1004.0,1703.0,0.037,0.005,1.67,175.0,6.822,0.051,0.00130148,0.0019,0.000201289,0.00154
75,DLCHI300,DLCHI300-310722,VALLE DE JUAREZ 3,SUBTERRÁNEO,2022-07-25 00:00:00,2022,340.1,8273.0,1880.0,5921.3,2.077,2.613,0.5,10.0,0.265,0.0015,0.00130148,0.0012,0.000201289,0.00154
76,DLCOA430,DLCOA430-180922,POZO 1 RANCHO SAN JUAN (CHAPULA),SUBTERRÁNEO,2022-09-15 00:00:00,2022,272.3,768.0,378.1,539.0,0.009,0.00021,0.76,10.0,10.539,0.0015,0.00130148,0.0012,0.000201289,0.00154
77,DLCOA456,DLCOA456-250922,POZO 1 RANCHO LA CHIRIPA,SUBTERRÁNEO,2022-09-30 00:00:00,2022,588.7,1160.0,20.0,678.3,0.0094,0.00021,2.83,10.0,0.228,0.0015,0.00130148,0.0012,0.000201289,0.00154
78,DLCOA474,DLCOA474-180922,CAÑON DEL DERRAMADERO 2,SUBTERRÁNEO,2022-09-15 00:00:00,2022,408.0,1015.0,319.9,625.8,0.184,0.063,1.49,10.0,1.132,0.0015,0.00130148,0.0012,0.000201289,0.00154
79,DLCOA455,DLCOA455-021022,PAREDON 2 - EJIDO COSME,SUBTERRÁNEO,2022-09-30 00:00:00,2022,246.6,1457.0,466.1,1006.3,0.066,0.002,0.4,379.0,38.768,0.0015,0.00130148,0.0012,0.000201289,0.00154
80,DLCOA500,DLCOA500-310722,RANCHO DR. CELESTINO VALDEZ,SUBTERRÁNEO,2022-09-30 00:00:00,2022,195.9,1592.0,650.9,1283.7,0.144,0.012,0.27,10.0,1.69,0.0015,0.00130148,0.0012,0.000201289,0.00154
81,DLCOA507,DLCOA507-250922,RANCHO ARTURO MENDES,SUBTERRÁNEO,2022-09-24 00:00:00,2022,174.6,1312.0,737.5,995.7,0.0094,0.00021,1.3,10.0,1.193,0.0015,0.00130148,0.0012,0.000201289,0.00154
82,DLCOA499,DLCOA499-250922,EL HUNDIDO 1,SUBTERRÁNEO,2022-09-24 00:00:00,2022,123.8,3495.0,1828.1,3144.7,0.01,0.00021,3.16,10.0,28.02,0.025,0.00130148,0.0012,0.000201289,0.00154
83,DLCOA506,DLCOA506-180922,RANCHO LA PILA,SUBTERRÁNEO,2022-09-15 00:00:00,2022,352.9,712.0,182.8,457.6,0.037,0.00021,1.37,10.0,2.045,0.0015,0.00130148,0.0012,0.000201289,0.00154
84,DLCOA5367,DLCOA5367-091022,POZO CANDELARIA #1.,SUBTERRÁNEO,2022-10-02 00:00:00,2022,288.3,848.0,330.3,590.4,0.056,0.004,0.49,10.0,11.747,0.0015,0.00130148,0.0012,0.000201289,0.00154
85,DLCOA5368,DLCOA5368-091022,POZO MACUYU,SUBTERRÁNEO,2022-10-05 00:00:00,2022,282.6,644.0,328.4,428.2,0.0076,0.00021,0.29,41.0,9.054,0.0015,0.00130148,0.0012,0.000201289,0.00154
86,DLCOL566,DLCOL566-280822,POZO NO. 635 A.P. EL REAL,SUBTERRÁNEO,2022-08-28 00:00:00,2022,174.7,639.0,243.8,502.8,0.078,0.037,0.22,10.0,0.032,0.0015,0.00130148,0.0012,0.000201289,0.00154
87,DLCOL618,DLCOL618-280822,POZO NO. 1394 A.P. VENUSTIANO CARRANZA,SUBTERRÁNEO,2022-08-25 00:00:00,2022,111.8,827.0,293.2,607.0,0.015,0.00021,0.13,10.0,5.919,0.0015,0.00130148,0.0012,0.000201289,0.00154
88,DLCOL572,DLCOL572-280822,"POZO NO. 618 H. ARMERIA, RINCON DE LOPEZ",SUBTERRÁNEO,2022-08-28 00:00:00,2022,218.1,736.0,339.3,572.8,0.0041,0.00021,0.23,10.0,2.002,0.0015,0.00130148,0.0012,0.000201289,0.00154
89,DLDUR5405,DLDUR5405-250922,POZO SAN FERMÍN,SUBTERRÁNEO,2022-09-20 00:00:00,2022,224.4,853.0,73.7,548.2,0.022,0.00021,1.13,10.0,4.776,0.047,0.00130148,0.0012,0.000201289,0.00154
90,DLDUR5406,DLDUR5406-180922,POZO LAS DELICIAS,SUBTERRÁNEO,2022-09-14 00:00:00,2022,209.1,746.0,20.0,447.0,0.0041,0.00021,2.59,10.0,2.345,0.129,0.00130148,0.0024,0.000201289,0.00154
91,DLDUR5403,DLDUR5403-250922,POZO BAYLON,SUBTERRÁNEO,2022-09-25 00:00:00,2022,197.9,447.0,94.5,307.6,0.0041,0.00021,1.82,10.0,0.673,0.068,0.00130148,0.0012,0.000201289,0.00154
92,DLDUR5844,DLDUR5844-070822,POZO 5 CUENCAME,SUBTERRÁNEO,2022-08-03 00:00:00,2022,495.0,631.0,210.0,431.0,0.0041,0.00021,1.08,10.0,0.981,0.067,0.00130148,0.0012,0.000201289,0.00154
93,DLDUR5845,DLDUR5845-070822,POZO CUATILLOS,SUBTERRÁNEO,2022-08-05 00:00:00,2022,202.2,2253.0,972.0,2029.2,0.02,0.0005,0.7,10.0,54.26,0.061,0.00130148,0.0017,0.000393,0.00154
94,DLDUR639,DLDUR639-091022,POZO EL TAGARETE,SUBTERRÁNEO,2022-09-22 00:00:00,2022,518.2,1104.0,64.4,710.0,0.0041,0.021,5.49,10.0,3.432,0.043,0.00130148,0.0012,0.000201289,0.00154
95,DLDUR5846,DLDUR5846-070822,POZO 20 AMIGOS,SUBTERRÁNEO,2022-08-05 00:00:00,2022,267.4,1337.0,492.0,1109.4,0.013,0.0006,1.48,122.0,18.917,0.043,0.00130148,0.0012,0.000201289,0.00154
96,DLDUR643,DLDUR643-091022,POZO LA HUERTA,SUBTERRÁNEO,2022-09-22 00:00:00,2022,222.4,507.0,35.3,332.4,0.0061,0.001,1.78,10.0,2.141,0.045,0.00130148,0.0021,0.000201289,0.00154
97,DLDUR644,DLDUR644-091022,POZO LAS TURBINAS,SUBTERRÁNEO,2022-09-22 00:00:00,2022,212.2,441.0,29.1,294.8,0.0041,0.00021,0.6,10.0,2.312,0.015,0.00130148,0.0012,0.000201289,0.00154
98,DLDUR650,DLDUR650-091022,POZO 2 LOS HERRERA,SUBTERRÁNEO,2022-09-22 00:00:00,2022,144.8,336.0,35.3,223.4,0.00505,0.00021,1.35,10.0,0.917,0.079,0.00130148,0.0012,0.000201289,0.00154
99,DLDUR690,DLDUR690-021022,POZO YERBANIS,SUBTERRÁNEO,2022-09-27 00:00:00,2022,253.8,598.0,203.6,386.6,0.01,0.003,1.7,10.0,2.845,0.358,0.00130148,0.0012,0.000201289,0.00154
100,DLDUR696,DLDUR696-070822,POZO 2 VELARDEÑA,SUBTERRÁNEO,2022-08-05 00:00:00,2022,286.2,1141.0,380.0,888.6,0.161,0.002,1.36,10.0,8.882,0.09,0.00130148,0.0012,0.000201289,0.00154
101,DLDUR647,DLDUR647-091022,POZO LA ESTANCIA,SUBTERRÁNEO,2022-09-22 00:00:00,2022,422.3,858.0,66.5,572.0,0.012,0.00021,2.83,10.0,3.86,0.096,0.00130148,0.0012,0.000201289,0.00154
102,DLDUR637,DLDUR637-091022,POZO COLINAS,SUBTERRÁNEO,2022-09-22 00:00:00,2022,308.0,813.0,39.5,501.4,0.0041,0.00021,7.75,10.0,0.103,0.019,0.00130148,0.0012,0.000201289,0.00154
103,DLDUR725,DLDUR725-091022,POZO LAZARO CARDENAS,SUBTERRÁNEO,2022-09-21 00:00:00,2022,160.1,391.0,20.0,333.3,0.021,0.017,12.48,10.0,0.184,0.146,0.00130148,0.0012,0.000201289,0.00154
104,DLDUR698,DLDUR698-070822,POZO 2 CUENCAME,SUBTERRÁNEO,2022-08-03 00:00:00,2022,267.4,1273.0,370.0,946.8,0.024,0.002,1.07,10.0,6.008,0.056,0.00130148,0.0012,0.000201289,0.00154
106,DLDUR780M1,DLDUR780M1-091022,POZO CIÉNEGA ESCOBAR,SUBTERRÁNEO,2022-09-22 00:00:00,2022,213.2,778.0,319.9,520.4,0.033,0.003,0.39,135.0,3.216,0.0015,0.00130148,0.0012,0.000201289,0.00154
107,DLDUR782,DLDUR782-021022,POZO MIGUEL NEGRETE,SUBTERRÁNEO,2022-09-23 00:00:00,2022,182.7,479.0,189.0,359.2,0.011,0.003,0.54,10.0,9.764,0.0015,0.00130148,0.0012,0.000201289,0.00154
108,DLDUR695,DLDUR695-070822,POZO 1 PEDRICEÑA,SUBTERRÁNEO,2022-08-05 00:00:00,2022,259.7,1388.0,500.0,1133.4,0.015,0.00021,1.21,218.0,14.917,0.046,0.00130148,0.0012,0.000201289,0.00154
109,DLDUR697,DLDUR697-070822,POZO VISTA HERMOSA,SUBTERRÁNEO,2022-08-05 00:00:00,2022,148.1,1772.0,628.0,1445.6,0.025,0.006,1.19,20.0,25.315,0.05,0.00130148,0.0012,0.000201289,0.00154
110,DLDUR772,DLDUR772-021022,POZO MELCHOR OCAMPO,SUBTERRÁNEO,2022-09-23 00:00:00,2022,161.4,309.0,110.1,251.4,0.0099,0.00021,0.9,10.0,1.782,0.017,0.00130148,0.0012,0.000201289,0.00154
111,DLDUR728,DLDUR728-091022,POZO DIECISEIS DE SEPTIEMBRE,SUBTERRÁNEO,2022-09-21 00:00:00,2022,242.8,649.0,20.0,508.3,1.053,0.043,25.93,10.0,0.112,0.291,0.00130148,0.0012,0.000201289,0.00154
112,DLDUR777,DLDUR777-021022,POZO FUENTE DEL LLANO,SUBTERRÁNEO,2022-09-28 00:00:00,2022,274.1,608.0,66.5,425.4,0.013,0.007,3.53,10.0,1.866,0.071,0.00130148,0.0012,0.000201289,0.00154
113,DLDUR729,DLDUR729-091022,POZO COL. 20 DE NOV.,SUBTERRÁNEO,2022-09-21 00:00:00,2022,193.8,491.0,184.9,382.0,0.018,0.001,3.95,10.0,3.002,0.049,0.00130148,0.0012,0.000201289,0.00154
114,DLDUR757,DLDUR757-091022,POZO J. GPE. AGUILERA,SUBTERRÁNEO,2022-09-28 00:00:00,2022,165.4,368.0,135.0,256.4,0.018,0.018,0.28,10.0,0.706,0.0015,0.00130148,0.0012,0.000201289,0.00154
115,DLDUR785,DLDUR785-091022,LAS MARGARITAS - DURANGO,SUBTERRÁNEO,2022-09-23 00:00:00,2022,170.5,331.0,110.1,222.6,0.0083,0.00021,0.36,10.0,0.595,0.015,0.00130148,0.0012,0.000201289,0.00154
116,DLDUR837,DLDUR837-250922,POZO VILLA HIDALGO,SUBTERRÁNEO,2022-09-20 00:00:00,2022,378.4,1397.0,594.1,1025.7,0.058,0.013,0.78,10.0,29.097,0.019,0.00130148,0.0012,0.000201289,0.00154
117,DLDUR849,DLDUR849-250922,POZO LAS NIEVES,SUBTERRÁNEO,2022-09-20 00:00:00,2022,227.5,535.0,157.9,359.0,0.025,0.00021,1.25,10.0,2.652,0.012,0.00130148,0.0012,0.000201289,0.00154
118,DLDUR791,DLDUR791-021022,POZO CIENEGUILLA,SUBTERRÁNEO,2022-09-27 00:00:00,2022,190.8,491.0,162.0,330.2,0.0041,0.00021,1.3,10.0,6.743,0.013,0.00130148,0.0012,0.000201289,0.00154
121,DLDUR836,DLDUR836-250922,POZO EJ. REVOLUCION,SUBTERRÁNEO,2022-09-20 00:00:00,2022,192.8,368.0,164.1,257.0,0.04,0.00021,0.39,10.0,0.55,0.017,0.00130148,0.0012,0.000201289,0.00154
122,DLDUR823,DLDUR823-180922,POZO VILLA UNION,SUBTERRÁNEO,2022-09-16 00:00:00,2022,300.9,634.0,315.8,384.4,0.016,0.00021,0.66,10.0,4.156,0.0015,0.00130148,0.0012,0.000201289,0.00154
125,DLEST6551,DLEST6551-070822,POZO TEPOXTEPEC,SUBTERRÁNEO,2022-08-04 00:00:00,2022,237.5,258.0,83.1,216.0,0.022,0.007,0.32,3.0,0.152,0.035,0.00130148,0.014,0.0005,0.005
131,DLGUA1034M1,DLGUA1034M1-110922,COL. RANCHO NUEVO,SUBTERRÁNEO,2022-09-09 00:00:00,2022,253.9,871.0,164.3,560.0,0.199,0.018,0.81,120.0,3.435,0.141,0.00130148,0.0012,0.000201289,0.00154
132,DLGUA1035M1,DLGUA1035M1-110922,RANCHO NUEVO,SUBTERRÁNEO,2022-09-09 00:00:00,2022,468.7,1456.0,350.3,919.8,0.0044,0.00021,0.92,10.0,1.593,0.0015,0.00130148,0.0012,0.000201289,0.00154
133,DLGUA5958,DLGUA5958-250922,"POZO EL GUADALUPANO, APASEO EL GRANDE",SUBTERRÁNEO,2022-09-23 00:00:00,2022,268.0,812.0,139.2,550.0,0.0041,0.00021,1.72,10.0,3.287,0.051,0.00130148,0.0012,0.000201289,0.00154
134,DLGUA6012,DLGUA6012-250922,"POZO COL. LINDAVISTA, DOLORES HIDALGO C.I.N.",SUBTERRÁNEO,2022-09-23 00:00:00,2022,131.9,292.0,153.7,271.0,0.0041,0.00021,0.44,10.0,0.839,0.00895,0.00130148,0.0012,0.000201289,0.00154
135,DLGUA5959,DLGUA5959-250922,"POZO NO. 2, APASEO EL ALTO",SUBTERRÁNEO,2022-09-24 00:00:00,2022,194.9,437.0,108.0,312.0,0.0041,0.00021,0.51,10.0,4.905,0.0015,0.00130148,0.0038,0.000201289,0.00154
136,DLGUA6011,DLGUA6011-250922,"POZO EJIDO DOLORES, DOLORES HIDALGO, C.I.N.",SUBTERRÁNEO,2022-09-23 00:00:00,2022,150.2,327.0,78.9,297.2,0.0041,0.00021,0.89,10.0,1.13,0.016,0.00130148,0.0024,0.000201289,0.00154
137,DLGUA6052,DLGUA6052-250922,MUNICIPIO DE DOLORES HIDALGO (COL. RIO LAJA ),SUBTERRÁNEO,2022-09-23 00:00:00,2022,164.4,343.0,85.2,300.4,0.0041,0.00021,1.0,10.0,1.558,0.0015,0.00130148,0.0012,0.000201289,0.00154
138,DLGUA6014,DLGUA6014-250922,"POZO NO. 8 SAN PABLO, DOLORES HIDALGO,C.I.N.",SUBTERRÁNEO,2022-09-23 00:00:00,2022,151.2,322.0,112.2,297.0,0.0041,0.00021,0.47,10.0,1.432,0.0015,0.00130148,0.0012,0.000201289,0.00154
139,DLGUE1248,DLGUE1248-310722,GALON SOBERON,SUBTERRÁNEO,2022-07-25 00:00:00,2022,169.1,989.0,246.2,411.0,0.1,0.007,0.58,40.0,0.031,0.0015,0.00130148,0.014,0.000201289,0.00154
140,DLGUE1337,DLGUE1337-070822,POZO ZIHUATANEJO TERMINAL DE AUTOBUSES,SUBTERRÁNEO,2022-08-03 00:00:00,2022,325.0,792.0,395.8,574.0,0.113,0.088,0.0364,30.0,5.967,0.0015,0.00130148,0.017,0.000201289,0.00154
141,DLGUE1338,DLGUE1338-070822,IXTAPA 1,SUBTERRÁNEO,2022-08-03 00:00:00,2022,365.0,1043.0,436.7,702.0,0.067,0.0006,0.0364,30.0,4.141,0.0015,0.00130148,0.009,0.000201289,0.00154
142,DLGUE1353,DLGUE1353-310722,POZO GENARO GALEANA,SUBTERRÁNEO,2022-07-25 00:00:00,2022,255.6,668.0,329.5,518.0,0.098,0.332,0.59,30.0,0.11,0.0015,0.00130148,0.01,0.000283,0.00154
151,DLMIC1593,DLMIC1593-280822,BRISEÑAS YURECUARO 2,SUBTERRÁNEO,2022-08-25 00:00:00,2022,750.8,2383.0,44.2,1372.0,0.018,0.021,0.76,41.0,0.033,0.0015,0.00130148,0.0012,0.000201289,0.00154
152,DLMIC1613,DLMIC1613-210822,LAURELES (POZO CD. DEL SOL II),SUBTERRÁNEO,2022-08-19 00:00:00,2022,200.7,837.0,30.1,507.0,0.021,0.041,14.8,10.0,0.162,0.031,0.00130148,0.0012,0.000201289,0.00154
153,DLMIC1603,DLMIC1603-280822,SAPAZ 1,SUBTERRÁNEO,2022-10-07 00:00:00,2022,200.8,467.0,99.3,275.4,0.03,0.113,0.29,10.0,0.06,0.0015,0.00130148,0.0012,0.000201289,0.00154
154,DLMIC1633,DLMIC1633-280822,ORGANISMO OPERADOR TINGUINDIN,SUBTERRÁNEO,2022-10-06 00:00:00,2022,67.3,209.0,84.6,219.2,0.0041,0.00021,0.09,10.0,8.775,0.0015,0.00130148,0.0012,0.000201289,0.00154
155,DLMIC1726,DLMIC1726-070822,POZO VILLA MAGNA 3,SUBTERRÁNEO,2022-08-02 00:00:00,2022,126.0,248.0,60.0,181.0,0.0041,0.012,0.22,10.0,0.496,0.0015,0.00130148,0.0016,0.000201289,0.00154
156,DLMIC1728,DLMIC1728-310722,POZO COMAPAT,SUBTERRÁNEO,2022-07-29 00:00:00,2022,174.6,354.0,130.0,269.0,0.0084,0.00021,0.24,10.0,1.142,0.0015,0.00130148,0.003,0.000201289,0.00154
157,DLMIC1758M1,DLMIC1758M1-310722,POZO INDEPENDENCIA,SUBTERRÁNEO,2022-07-29 00:00:00,2022,88.4,209.0,50.0,187.4,0.0041,0.00021,0.48,10.0,0.81,0.0064,0.00130148,0.0012,0.000201289,0.00154
158,DLMIC5348,DLMIC5348-310722,POZO SAN AGUSTIN DEL PULQUE,SUBTERRÁNEO,2022-07-29 00:00:00,2022,625.4,2077.0,270.0,1398.6,0.0088,0.527,1.2,10.0,6.343,0.078,0.00130148,0.0012,0.000201289,0.00154
159,DLMIC5349,DLMIC5349-140822,POZO HUECORIO,SUBTERRÁNEO,2022-08-12 00:00:00,2022,86.2,341.0,122.0,249.0,0.013,0.00021,0.13,10.0,7.332,0.0015,0.00130148,0.0012,0.000201289,0.00154
160,DLMIC6153,DLMIC6153-070822,POZO EL SALITRE,SUBTERRÁNEO,2022-08-03 00:00:00,2022,246.4,1423.0,94.0,850.3,0.076,0.041,5.89,10.0,1.303,0.055,0.00130148,0.0016,0.000201289,0.00154
161,DLNAY1851,DLNAY1851-110922,POZO PRIETO CRISPIN,SUBTERRÁNEO,2022-09-09 00:00:00,2022,123.7,630.0,104.9,411.6,0.0041,0.00021,0.23,2247.0,0.824,0.0015,0.00130148,0.0012,0.000201289,0.00154
162,DLNAY1876,DLNAY1876-040922,POZO 18 DE MARZO,SUBTERRÁNEO,2022-09-29 00:00:00,2022,123.8,473.0,105.9,297.0,0.106,0.016,0.13,10.0,0.602,0.0015,0.00130148,0.0012,0.000201289,0.00154
163,DLPUE1990,DLPUE1990-140822,MORATILLA 4,SUBTERRÁNEO,2022-08-10 00:00:00,2022,224.2,818.0,337.4,544.0,0.802,0.008,0.0364,30.0,2.29,0.0017,0.00130148,0.01,0.000201289,0.00154
164,DLPUE2020,DLPUE2020-110922,XOXTLA 1,SUBTERRÁNEO,2022-09-09 00:00:00,2022,205.0,959.0,341.0,700.0,0.124,0.007,0.0364,30.0,3.981,0.0015,0.00130148,0.239,0.000201289,0.00154
166,DLPUE2078,DLPUE2078-210822,MPIO. CUAYUCATEPEC,SUBTERRÁNEO,2022-08-18 00:00:00,2022,480.0,1920.0,673.4,1268.0,0.109,0.00073,0.0364,30.0,4.73,0.008,0.00130148,0.02,0.000201289,0.00237
167,DLPUE2079,DLPUE2079-210822,MUNICIPAL S.J. TEPETEOPAN,SUBTERRÁNEO,2022-08-18 00:00:00,2022,305.0,1265.0,367.1,726.0,0.077,0.00079,0.0364,30.0,3.996,0.013,0.00130148,0.011,0.000201289,0.00154
168,DLPUE2082,DLPUE2082-210822,MUNICIPAL SAN JOSE MIAHUATLAN,SUBTERRÁNEO,2022-08-18 00:00:00,2022,462.0,2614.0,599.7,1660.0,0.128,0.00136,0.0364,30.0,8.739,0.012,0.00130148,0.012,0.000201289,0.00154
169,DLPUE2080,DLPUE2080-210822,OOAP DE TEHUACAN AEROPUERTO 3,SUBTERRÁNEO,2022-08-18 00:00:00,2022,365.0,1331.0,470.5,776.0,0.231,0.003,0.0364,30.0,1.46,0.007,0.00130148,0.021,0.000201289,0.00154
170,DLQUE2092,DLQUE2092-040922,"SAN PEDRO MARTIR, 1870 III",SUBTERRÁNEO,2022-08-31 00:00:00,2022,210.5,580.0,154.4,381.0,0.0058,0.00021,0.55,10.0,5.011,0.0015,0.00130148,0.0012,0.000201289,0.00154
185,DLSAN2285M1,DLSAN2285M1-280822,POZO VANEGAS,SUBTERRÁNEO,2022-09-27 00:00:00,2022,105.0,1141.0,421.0,937.0,0.113,0.005,0.85,3.0,2.706,0.007862,0.00130148,0.003932,0.000201289,0.002539
189,DLSAN2295,DLSAN2295-280822,SANTO DOMINGO,SUBTERRÁNEO,2022-10-03 00:00:00,2022,188.0,521.0,51.0,332.0,0.042,0.008,2.84,3.0,1.75,0.022,0.00130148,0.001288,0.000323,0.002556
190,DLSAN2298,DLSAN2298-280822,POZO NO. 504 (CNA-12-504),SUBTERRÁNEO,2022-10-03 00:00:00,2022,157.0,435.0,52.0,318.0,0.172,0.005,2.81,3.0,1.215,0.00745,0.00130148,0.0012,0.000201289,0.004297
191,DLSAN2281,DLSAN2281-280822,EL SALITRAL,SUBTERRÁNEO,2022-09-28 00:00:00,2022,240.0,751.0,50.0,493.0,0.062,0.005,3.23,43.0,2.193,0.121,0.00130148,0.002223,0.000201289,0.002457
192,DLSAN2321,DLSAN2321-280822,LAS COLONIAS,SUBTERRÁNEO,2022-09-26 00:00:00,2022,211.0,710.0,124.0,504.0,0.062,0.003,0.84,1100.0,3.597,0.0015,0.00130148,0.004303,0.000201289,0.002268
193,DLSAN2322,DLSAN2322-280822,CABECERA MUNICIPAL,SUBTERRÁNEO,2022-09-26 00:00:00,2022,278.0,8990.0,1359.0,5728.0,0.052,0.002,0.99,3.0,3.796,0.007911,0.00130148,0.003099,0.000201289,0.00154
194,DLSAN2323,DLSAN2323-280822,POZO NO. 1 VENADO (NO. 598),SUBTERRÁNEO,2022-09-27 00:00:00,2022,211.0,451.0,206.0,257.0,0.044,0.002,0.0364,9.0,1.981,0.0015,0.00130148,0.0012,0.000201289,0.00154
195,DLSAN2327,DLSAN2327-280822,POZO BOCAS (NO. 35),SUBTERRÁNEO,2022-09-26 00:00:00,2022,320.0,1276.0,335.0,822.0,0.079,0.002,0.56,3.0,3.975,0.0015,0.00130148,0.00142,0.000201289,0.002671
196,DLSAN2330,DLSAN2330-040922,EL REFUGIO CNA - 22,SUBTERRÁNEO,2022-10-05 00:00:00,2022,187.0,763.0,319.0,562.0,0.091,0.005,0.48,3.0,2.383,0.012,0.00130148,0.001469,0.001,0.002009
197,DLSAN5383,DLSAN5383-040922,GRANJAS LA FLORIDA CNA-11-394,SUBTERRÁNEO,2022-09-20 00:00:00,2022,110.0,477.0,128.0,345.0,0.065,0.006,0.78,3.0,5.833,0.0015,0.00130148,0.0012,0.000201289,0.002944
198,DLSAN5385,DLSAN5385-040922,LA ZORRA CNA-11-274,SUBTERRÁNEO,2022-09-21 00:00:00,2022,105.0,309.0,86.0,197.0,0.058,0.006,0.56,3.0,6.769,0.004538,0.00130148,0.00139,0.000201289,0.002696
199,DLSAN5386,DLSAN5386-040922,FRACC. LA FLORIDA CNA-11-299,SUBTERRÁNEO,2022-09-22 00:00:00,2022,114.0,304.0,60.0,208.0,0.054,0.005,1.13,3.0,0.889,0.009798,0.00130148,0.0012,0.000201289,0.002802
200,DLTAB2541,DLTAB2541-140822,HUASTECA,SUBTERRÁNEO,2022-08-08 00:00:00,2022,232.1,1188.0,168.0,606.6,0.218,0.072,0.27,10.0,0.047,0.0015,0.00130148,0.0012,0.000201289,0.00154
201,DLTLA2575,DLTLA2575-110922,ESPIRITU SANTO,SUBTERRÁNEO,2022-09-06 00:00:00,2022,365.0,1092.0,468.6,753.0,0.099,0.018,0.044,30.0,6.663,0.0034,0.00130148,0.0048,0.000201289,0.00154
202,DLTLA6380,DLTLA6380-110922,POZO 6 IXTACUIXTLA. SAN MIGUEL LA PRESA,SUBTERRÁNEO,2022-09-08 00:00:00,2022,163.0,523.0,200.4,382.0,0.124,0.00092,0.063,30.0,0.744,0.0015,0.00130148,0.014,0.000201289,0.00154
203,DLTLA6435,DLTLA6435-310722,POZO SAN VICENTE XILOXOXITLA,SUBTERRÁNEO,2022-07-28 00:00:00,2022,314.0,901.0,350.0,605.0,0.063,0.00086,0.32,30.0,1.973,0.0015,0.00130148,0.012,0.000201289,0.00188
204,DLZAC2622,DLZAC2622-210822,POZO NO 2 EL LAMPOTAL,SUBTERRÁNEO,2022-08-15 00:00:00,2022,191.2,502.0,184.7,403.8,0.106,0.002,0.49,20.0,2.136,0.011,0.00130148,0.006,0.000201289,0.00154
205,DLZAC2589M1,DLZAC2589M1-140822,VILLA DE COS,SUBTERRÁNEO,2022-08-10 00:00:00,2022,211.1,2710.0,832.0,2340.8,0.013,0.007,1.51,31.0,11.17,0.0015,0.00130148,0.005,0.000201289,0.00154
206,DLZAC2599,DLZAC2599-210822,OJOCALIENTE,SUBTERRÁNEO,2022-08-19 00:00:00,2022,176.9,471.0,134.5,293.6,0.019,0.00021,4.17,10.0,3.431,0.091,0.00130148,0.0012,0.000201289,0.00154
207,DLZAC2623M1,DLZAC2623M1-210822,SAUCEDA DE LA BORDA,SUBTERRÁNEO,2022-08-15 00:00:00,2022,205.5,450.0,190.8,318.0,0.0087,0.00021,0.44,10.0,1.71,0.013,0.00130148,0.006,0.000201289,0.00154
208,DLTLA5343,DLTLA5343-110922,GPE. VICTORIA,SUBTERRÁNEO,2022-09-05 00:00:00,2022,250.0,140.0,297.2,560.0,0.23,0.004,0.0364,30.0,19.493,0.0015,0.00130148,0.01,0.000201289,0.00154
209,DLZAC2608,DLZAC2608-210822,POZO NO.7 JEREZ,SUBTERRÁNEO,2022-08-15 00:00:00,2022,159.1,355.0,88.4,313.0,0.0041,0.00021,2.04,10.0,1.207,0.011,0.00130148,0.0012,0.000201289,0.00154
210,DLZAC2643,DLZAC2643-140822,CONCEPCION DEL ORO,SUBTERRÁNEO,2022-08-09 00:00:00,2022,215.5,685.0,340.0,550.4,0.0079,0.00021,0.31,10.0,3.071,0.051,0.00130148,0.0012,0.000201289,0.00154
211,DLZAC2644,DLZAC2644-140822,EL SALVADOR 2 (EL SALVADOR SAL008),SUBTERRÁNEO,2022-08-08 00:00:00,2022,353.6,3820.0,714.0,2705.6,0.067,0.001,1.22,31.0,4.173,0.102,0.00130148,0.0012,0.000201289,0.00154
212,DLZAC2632,DLZAC2632-210822,TRANCOSO,SUBTERRÁNEO,2022-08-19 00:00:00,2022,159.5,424.0,134.5,282.2,0.0089,0.0008,1.02,10.0,4.005,0.02,0.00130148,0.0026,0.000201289,0.00154
213,DLZAC2655,DLZAC2655-140822,CAMACHO 1 (SAN MARCOS),SUBTERRÁNEO,2022-08-11 00:00:00,2022,369.1,2125.0,164.0,1438.4,0.013,0.002,5.99,97.0,3.559,0.212,0.00130148,0.0012,0.000201289,0.00154
214,DLZAC2641,DLZAC2641-140822,MELCHOR OCAMPO,SUBTERRÁNEO,2022-08-08 00:00:00,2022,236.5,2123.0,972.0,1899.6,0.576,0.013,0.61,10.0,4.492,0.0073,0.00130148,0.0024,0.000201289,0.00154
215,DLZAC2654,DLZAC2654-140822,CAMACHO 2 (ESTACION OPAL CNA 006),SUBTERRÁNEO,2022-08-11 00:00:00,2022,274.0,1704.0,366.0,1255.0,0.0094,0.00021,2.14,31.0,1.476,0.02,0.00130148,0.0012,0.000201289,0.00154
216,DLZAC2630,DLZAC2630-210822,BAÑUELOS,SUBTERRÁNEO,2022-08-15 00:00:00,2022,187.8,386.0,144.6,295.6,0.0041,0.00021,1.15,10.0,1.318,0.019,0.00130148,0.0012,0.000201289,0.00154
217,DLZAC2652M1,DLZAC2652M1-140822,LA JOYA,SUBTERRÁNEO,2022-08-12 00:00:00,2022,201.1,515.0,156.0,368.6,0.03,0.001,0.63,10.0,2.014,0.015,0.00130148,0.012,0.000201289,0.00154
219,DLZAC2661,DLZAC2661-140822,CAÑITAS DE FELIPE PESCADOR,SUBTERRÁNEO,2022-08-12 00:00:00,2022,260.8,894.0,130.0,652.6,0.0041,0.013,2.84,10.0,5.979,0.021,0.00130148,0.0012,0.000201289,0.00154
220,DLZAC2663,DLZAC2663-140822,POZOS DE CARRILLO,SUBTERRÁNEO,2022-08-12 00:00:00,2022,184.5,450.0,140.0,334.2,0.0055,0.002,1.31,10.0,1.356,0.018,0.00130148,0.0012,0.000201289,0.00154
221,DLZAC5393,DLZAC5393-210822,APULCO,SUBTERRÁNEO,2022-08-22 00:00:00,2022,125.9,354.0,150.6,251.6,0.021,0.001,4.62,63.0,0.32,0.0015,0.00130148,0.0012,0.000201289,0.00154
222,DLZAC2645,DLZAC2645-140822,EL SALVADOR 1 (TANQUE NUEVO SAL003),SUBTERRÁNEO,2022-08-08 00:00:00,2022,214.4,1738.0,750.0,1457.4,0.093,0.002,0.74,10.0,7.914,0.0015,0.00130148,0.0012,0.000201289,0.00154
223,DLZAC2673,DLZAC2673-140822,GENERAL FRANCISCO R MURGUIA,SUBTERRÁNEO,2022-08-11 00:00:00,2022,270.7,791.0,82.0,554.4,0.0041,0.00021,1.24,10.0,4.871,0.099,0.00130148,0.0012,0.000201289,0.00154
224,DLZAC2660,DLZAC2660-140822,GUADALUPE DE LAS CORRIENTES,SUBTERRÁNEO,2022-08-12 00:00:00,2022,196.7,1044.0,190.0,795.2,0.0041,0.00021,3.17,10.0,7.006,0.021,0.00130148,0.0033,0.000201289,0.00154
225,DLZAC5394,DLZAC5394-210822,NOCHISTLAN,SUBTERRÁNEO,2022-08-22 00:00:00,2022,120.4,436.0,102.4,226.6,0.0041,0.00021,4.65,10.0,0.492,0.0015,0.00130148,0.0012,0.000201289,0.00154
226,DLZAC2659,DLZAC2659-140822,ESTANCIA LA COLORADA,SUBTERRÁNEO,2022-08-12 00:00:00,2022,831.0,2262.0,20.0,1590.2,0.152,0.006,23.84,10.0,20.527,0.458,0.00130148,0.0012,0.000201289,0.00154
227,DLZAC2675,DLZAC2675-140822,EL CARDITO 2 (BANDERITAS),SUBTERRÁNEO,2022-08-10 00:00:00,2022,89.5,3955.0,1252.0,3825.0,0.047,0.00021,1.33,10.0,55.807,0.0015,0.00130148,0.0012,0.000201289,0.00154
228,DLZAC5395,DLZAC5395-210822,LUIS MOYA,SUBTERRÁNEO,2022-08-19 00:00:00,2022,158.4,382.0,74.3,256.0,0.0041,0.00021,2.93,10.0,2.284,0.047,0.00130148,0.0012,0.000201289,0.00154
229,DLZAC5396,DLZAC5396-210822,HUANUSCO,SUBTERRÁNEO,2022-09-21 00:00:00,2022,220.3,471.0,43.6,400.0,0.067,0.002,6.42,10.0,1.027,0.024,0.00130148,0.0012,0.000201289,0.00154
230,DLZAC2681,DLZAC2681-140822,CHUPADEROS,SUBTERRÁNEO,2022-08-10 00:00:00,2022,228.7,1007.0,174.0,688.2,0.234,0.003,1.2,10.0,2.614,0.019,0.00130148,0.021,0.000201289,0.00154
231,DLZAC6536,DLZAC6536-140822,POZO MESAS,SUBTERRÁNEO,2022-08-09 00:00:00,2022,237.6,1176.0,200.0,805.8,0.458,0.013,1.23,10.0,0.059,0.0095,0.00130148,0.0012,0.000201289,0.00154
232,MET-016,MET-016-140822,BANAMICHI POZO,SUBTERRÁNEO,2022-08-09 00:00:00,2022,226.5,699.0,284.0,458.2,0.0054,0.00021,0.52,10.0,1.566,0.0099,0.00130148,0.0012,0.000201289,0.00154
233,DLZAC2680M1,DLZAC2680M1-140822,CARCAMO DE BOMBEO,SUBTERRÁNEO,2022-08-11 00:00:00,2022,212.2,574.0,134.0,392.8,0.0073,0.00021,1.65,10.0,2.135,0.025,0.00130148,0.0012,0.0008,0.00154
234,GRANJAS DE SAN PEDRO,GRANJAS DE SAN PEDRO-040922,GRANJAS DE SAN PEDRO,SUBTERRÁNEO,2022-09-22 00:00:00,2022,154.0,453.0,90.0,316.0,0.063,0.005,0.76,3.0,1.598,0.00796,0.00130148,0.002616,0.000201289,0.001746
235,MET-001,MET-001-310722,BACANUCHI POZO,SUBTERRÁNEO,2022-07-25 00:00:00,2022,250.9,1068.0,514.0,839.2,0.0048,0.00021,0.22,10.0,1.738,0.0015,0.00130148,0.0012,0.000201289,0.00154
236,DLZAC6537,DLZAC6537-140822,POZO CERRO GORDO,SUBTERRÁNEO,2022-08-09 00:00:00,2022,209.9,597.0,294.0,479.2,0.0085,0.00021,0.53,249.0,2.941,0.02,0.00130148,0.0012,0.000201289,0.00154
237,MET-021,MET-021-140822,RANCHITO DE HUEPAC POZO,SUBTERRÁNEO,2022-08-10 00:00:00,2022,307.2,1046.0,380.0,753.4,0.0041,0.00021,0.44,20.0,4.732,0.0015,0.00130148,0.0012,0.000201289,0.00154
238,DOMICILIARIA MAZACAHUI,DOMICILIARIA MAZACAHUI-210822,DOMICILIARIA MAZACAHUI,SUBTERRÁNEO,2022-10-04 00:00:00,2022,374.5,2469.0,959.7,1924.3,0.0041,0.00021,0.68,10.0,37.906,0.0015,0.00130148,0.0012,0.000201289,0.00154
239,MET-031,MET-031-210822,PUERTA DEL SOL POZO,SUBTERRÁNEO,2022-08-18 00:00:00,2022,176.9,569.0,192.8,374.8,0.037,0.0008,0.64,146.0,1.265,0.0015,0.00130148,0.0012,0.000201289,0.00154
240,MET-034,MET-034-210822,SAN PEDRO DE URES POZO,SUBTERRÁNEO,2022-08-18 00:00:00,2022,222.4,788.0,307.2,535.2,0.0041,0.00021,0.51,10.0,3.586,0.0015,0.00130148,0.0012,0.000201289,0.00154
241,MET-012,MET-012-310722,BAMORI POZO NUEVO,SUBTERRÁNEO,2022-07-26 00:00:00,2022,207.9,879.0,210.0,439.2,0.0052,0.00021,0.5,10.0,2.83,0.0015,0.00130148,0.0012,0.000201289,0.00154
242,MET-010,MET-010-310722,ARIZPE POZO 3,SUBTERRÁNEO,2022-07-26 00:00:00,2022,213.6,835.0,380.0,618.2,0.234,0.003,0.32,10.0,1.12,0.0015,0.00130148,0.008,0.000201289,0.00154
243,MET-027,MET-027-140822,SAN JOSÉ DE BAVIACORA POZO ,SUBTERRÁNEO,2022-10-03 00:00:00,2022,329.9,1150.0,468.1,807.7,0.0041,0.00021,0.45,10.0,5.054,0.013,0.00130148,0.0012,0.000201289,0.00154
244,MET-013,MET-013-310722,SINOQUIPE POZO,SUBTERRÁNEO,2022-08-09 00:00:00,2022,208.8,601.0,254.0,353.0,0.006,0.00021,0.32,41.0,2.091,0.0015,0.00130148,0.0012,0.000201289,0.00154
245,MET-078,MET-078-210822,LA LABOR POZO,SUBTERRÁNEO,2022-10-04 00:00:00,2022,313.6,1317.0,515.2,997.7,0.0041,0.036,0.83,10.0,5.851,0.0015,0.00130148,0.0012,0.000201289,0.00154
246,MET-080,MET-080-210822,EL MOLINOTE POZO,SUBTERRÁNEO,2022-08-16 00:00:00,2022,156.9,569.0,146.6,346.4,0.021,0.00021,1.69,10.0,0.607,0.0015,0.00130148,0.0012,0.000201289,0.00154
247,MET-081,MET-081-070822,LA CAPILLA POZO,SUBTERRÁNEO,2022-08-16 00:00:00,2022,356.9,1296.0,496.0,436.2,0.006,0.00021,0.65,10.0,4.588,0.0015,0.00130148,0.0012,0.000201289,0.00154
248,MET-025,MET-025-140822,LA ESTANCIA POZO,SUBTERRÁNEO,2022-08-11 00:00:00,2022,279.6,1080.0,380.0,764.4,0.0053,0.00021,0.47,10.0,6.256,0.0093,0.00130148,0.0012,0.000201289,0.00154
249,MET-037,MET-037-210822,SANTIAGO DE URES POZO,SUBTERRÁNEO,2022-08-18 00:00:00,2022,301.6,1227.0,447.8,875.4,0.024,0.00021,0.63,10.0,7.838,0.0015,0.00130148,0.0012,0.000201289,0.00154
250,MET-085,MET-085-140822,BAVIÁCORA POZO 3,SUBTERRÁNEO,2022-10-03 00:00:00,2022,332.9,1233.0,511.3,923.0,0.0041,0.00021,0.46,10.0,4.074,0.011,0.00130148,0.0012,0.000201289,0.00154
251,MET-046,MET-046-070822,SAN JOSÉ DE GRACIA POZO,SUBTERRÁNEO,2022-08-20 00:00:00,2022,212.7,1189.0,367.5,884.0,0.0065,0.00021,0.63,30.0,1.652,0.0015,0.00130148,0.0012,0.000201289,0.00154
252,MET-051,MET-051-070822,EL MOLINITO POZO,SUBTERRÁNEO,2022-08-01 00:00:00,2022,342.6,1141.0,334.0,712.7,0.0041,0.00021,0.82,10.0,2.059,0.014,0.00130148,0.0012,0.000201289,0.00154
253,MET-099,MET-099-210822,LA AURORA POZO 2,SUBTERRÁNEO,2022-10-04 00:00:00,2022,391.8,1451.0,584.1,1061.0,0.043,0.00021,0.72,10.0,5.611,0.0015,0.00130148,0.0012,0.000201289,0.00154
254,MET-112,MET-112-210822,SAN RAFAEL DE URES POZO,SUBTERRÁNEO,2022-08-18 00:00:00,2022,136.7,591.0,44.2,330.8,0.012,0.00021,8.63,10.0,1.063,0.015,0.00130148,0.018,0.000201289,0.00154
255,MET-113,MET-113-210822,GUADALUPE DE URES POZO,SUBTERRÁNEO,2022-08-18 00:00:00,2022,384.1,1619.0,632.5,1232.4,0.035,0.00021,0.57,10.0,7.559,0.0015,0.00130148,0.0012,0.000201289,0.00154
256,MET-076,MET-076-210822,LA AURORA POZO 1,SUBTERRÁNEO,2022-10-04 00:00:00,2022,350.2,1420.0,595.9,1040.7,0.00725,0.308,0.75,20.0,5.679,0.014,0.00130148,0.0012,0.000201289,0.00154
260,OCBAL2858,OCBAL2858-250922,POZO N°6 TAMAZULAPAN,SUBTERRÁNEO,2022-09-20 00:00:00,2022,215.0,665.0,501.5,565.8,5.477,0.146,0.0364,30.0,1.188,0.006,0.00130148,0.011,0.000201289,0.00346
261,OCBAL2857,OCBAL2857-250922,POZO TLAXIACO,SUBTERRÁNEO,2022-09-21 00:00:00,2022,162.0,640.0,384.3,456.0,0.058,0.347,0.0364,30.0,0.875,0.006,0.00130148,0.008,0.000201289,0.00154
262,OCBAL2868,OCBAL2868-250922,POZO SAN AGUSTIN ATENANGO,SUBTERRÁNEO,2022-09-20 00:00:00,2022,112.0,532.0,289.5,312.0,0.099,0.002,0.0364,30.0,0.371,0.0025,0.00130148,0.012,0.000201289,0.00154
263,OCBAL2877,OCBAL2877-250922,POZO CALIHUALA (BALSAS),SUBTERRÁNEO,2022-09-19 00:00:00,2022,166.0,614.0,306.3,405.0,0.146,0.023,0.0364,30.0,0.346,0.006,0.00130148,0.007,0.00044,0.00154
264,OCCCN5219M1,OCCCN5219M1-180922,POZO 47 LAS PALMAS,SUBTERRÁNEO,2022-09-16 00:00:00,2022,76.5,2397.0,475.7,1802.0,0.312,0.005,3.0,10.0,9.114,0.3,0.00130148,0.006,0.000201289,0.00154
267,OCCCN5231M1,OCCCN5231M1-070822,POZO 1 RANCHO GRANDE,SUBTERRÁNEO,2022-08-02 00:00:00,2022,208.8,525.0,286.0,377.2,0.0041,0.00021,0.39,10.0,5.648,0.0015,0.00130148,0.0012,0.000201289,0.00154
268,OCCCN5230M1,OCCCN5230M1-070822,POZO 2879 LA PARRITA,SUBTERRÁNEO,2022-08-02 00:00:00,2022,200.0,654.0,340.0,497.4,0.013,0.00021,0.36,10.0,9.89,0.0075,0.00130148,0.0012,0.000201289,0.00154
269,OCCCN5229M1,OCCCN5229M1-070822,POZO 2 RANCHO LAS HABAS,SUBTERRÁNEO,2022-08-02 00:00:00,2022,216.6,1154.0,580.0,942.0,0.0041,0.00021,0.47,10.0,19.161,0.0094,0.00130148,0.0012,0.000201289,0.00154
270,OCCCN5248M1,OCCCN5248M1-180922,POZO 6 CASA DE LA CULTURA (SIDEAPA),SUBTERRÁNEO,2022-09-13 00:00:00,2022,182.6,790.0,292.9,524.4,0.027,0.004,0.52,10.0,9.793,0.021,0.00130148,0.0024,0.000201289,0.00154
271,OCCCN5246M1,OCCCN5246M1-180922,POZO 14 SAN IGNACIO (SIDEAPA),SUBTERRÁNEO,2022-09-13 00:00:00,2022,192.8,1098.0,581.7,751.2,0.0096,0.00021,0.78,10.0,7.59,0.0015,0.00130148,0.0012,0.000201289,0.00154
272,OCCCN5233M1,OCCCN5233M1-070822,POZO VICENTE SUAREZ,SUBTERRÁNEO,2022-08-02 00:00:00,2022,218.8,423.0,246.0,298.2,0.0041,0.00021,0.33,10.0,3.742,0.0015,0.00130148,0.0012,0.000201289,0.00154
273,OCCCN5250M1,OCCCN5250M1-310722,POZO 7 LIBRES PICARDIAS,SUBTERRÁNEO,2022-07-28 00:00:00,2022,238.7,1018.0,326.0,719.6,0.0098,0.00021,1.11,10.0,5.562,0.035,0.00130148,0.0012,0.000201289,0.00154
274,OCCCN5251M1,OCCCN5251M1-250922,POZO COL. VICTORIA (BOMBA 12 SIMAS),SUBTERRÁNEO,2022-09-21 00:00:00,2022,172.4,614.0,245.1,426.0,1.61,0.946,0.53,10.0,7.695,0.019,0.00130148,0.0012,0.000201289,0.00154
275,OCCCN5249M1,OCCCN5249M1-180922,POZO 5 TRUJANO/URREA,SUBTERRÁNEO,2022-09-13 00:00:00,2022,199.9,1247.0,444.6,845.8,0.013,0.00021,0.68,10.0,13.891,0.023,0.00130148,0.0012,0.000201289,0.00154
276,OCCCN5257M1,OCCCN5257M1-250922,POZO 336 (BOMBA 35 SIMAS),SUBTERRÁNEO,2022-09-22 00:00:00,2022,139.7,825.0,326.2,560.4,0.029,0.00021,0.59,10.0,5.432,0.024,0.00130148,0.00375,0.000201289,0.00154
277,OCCCN5247M1,OCCCN5247M1-180922,POZO 32 PANCHO VILLA (SIDEAPA),SUBTERRÁNEO,2022-09-13 00:00:00,2022,193.8,1449.0,546.4,1074.4,0.028,0.00021,0.75,10.0,12.387,0.031,0.00130148,0.0012,0.000201289,0.00154
278,OCCCN5258M1,OCCCN5258M1-180922,POZO EL QUEMADO,SUBTERRÁNEO,2022-09-13 00:00:00,2022,101.0,498.0,147.5,303.0,0.0082,0.00021,0.5,10.0,1.599,0.024,0.00130148,0.0012,0.000201289,0.00154
279,OCCCN5245M1,OCCCN5245M1-310722,POZO 4101 SAN FERNANDO,SUBTERRÁNEO,2022-07-26 00:00:00,2022,171.8,391.0,160.0,264.4,0.0041,0.00021,0.51,10.0,0.55,0.01,0.00130148,0.0012,0.000201289,0.00154
280,OCCCN5254M1,OCCCN5254M1-250922,POZO 4074 (BOMBA 50 SIMAS),SUBTERRÁNEO,2022-09-22 00:00:00,2022,187.7,1550.0,513.1,1075.0,0.023,0.001,0.79,10.0,30.167,0.025,0.00130148,0.0012,0.000201289,0.00154
281,OCCCN5253M1,OCCCN5253M1-250922,POZO 1254 (BOMBA 72 SIMAS),SUBTERRÁNEO,2022-09-22 00:00:00,2022,216.2,834.0,330.3,650.3,2.092,0.407,0.4,10.0,14.911,0.02,0.00130148,0.006,0.000201289,0.00154
282,OCCCN5263M1,OCCCN5263M1-180922,POZO BELLA UNION,SUBTERRÁNEO,2022-09-13 00:00:00,2022,192.8,486.0,187.0,296.0,1.572,0.035,0.42,63.0,2.137,0.024,0.00130148,0.0015,0.000201289,0.00154
283,OCCCN5260M1,OCCCN5260M1-180922,POZO GRANJA RIOS,SUBTERRÁNEO,2022-09-13 00:00:00,2022,224.4,2400.0,818.5,1927.4,0.041,0.002,0.8,1160.0,16.28,0.04,0.00130148,0.0028,0.000201289,0.00154
284,OCCCN5262M1,OCCCN5262M1-180922,POZO CNA 4840,SUBTERRÁNEO,2022-09-13 00:00:00,2022,101.0,526.0,101.8,340.0,0.705,0.035,1.44,1722.0,2.883,0.081,0.00130148,0.0023,0.000201289,0.00154
285,OCCCN5275M1,OCCCN5275M1-091022,POZO CAMPO DE TIRO-STMV,SUBTERRÁNEO,2022-10-03 00:00:00,2022,181.7,1422.0,444.5,1004.0,0.045,0.002,0.93,10.0,13.353,0.029,0.00130148,0.0012,0.000201289,0.00154
286,OCCCN5264M1,OCCCN5264M1-250922,POZO 1 LA ESPERANZA,SUBTERRÁNEO,2022-09-19 00:00:00,2022,257.0,2843.0,731.2,2120.5,0.019,0.001,1.72,10.0,27.987,0.058,0.00130148,0.0012,0.000201289,0.00154
287,OCCCN5277M1,OCCCN5277M1-021022,POZO ALAMITO,SUBTERRÁNEO,2022-09-27 00:00:00,2022,107.6,344.0,47.8,233.4,0.0041,0.003,0.79,10.0,1.012,0.079,0.00130148,0.0012,0.000201289,0.00154
288,OCCCN5256M1,OCCCN5256M1-250922,POZO 3704 (BOMBA 31 SIMAS),SUBTERRÁNEO,2022-09-22 00:00:00,2022,140.8,768.0,295.0,524.6,0.052,0.00021,0.47,10.0,4.674,0.025,0.00130148,0.0012,0.000201289,0.00154
289,OCCCN5270M1,OCCCN5270M1-250922,POZO EL CANARIO,SUBTERRÁNEO,2022-09-22 00:00:00,2022,146.9,677.0,243.1,452.0,0.011,0.00021,0.36,10.0,4.632,0.03,0.00130148,0.0032,0.000201289,0.00154
291,OCCCN5289M1,OCCCN5289M1-091022,POZO GILITA 2,SUBTERRÁNEO,2022-10-06 00:00:00,2022,155.3,1466.0,696.2,1121.3,0.03,0.002,1.93,41.0,2.319,0.06,0.00130148,0.0012,0.000201289,0.00154
292,OCCCN5273M1,OCCCN5273M1-021022,POZO 1 EL CUIJE,SUBTERRÁNEO,2022-09-26 00:00:00,2022,104.5,325.0,78.9,211.4,0.006,0.00021,0.42,10.0,0.716,0.027,0.00130148,0.00225,0.000201289,0.00154
293,OCCCN5284M1,OCCCN5284M1-180922,POZO ADM,SUBTERRÁNEO,2022-09-13 00:00:00,2022,181.6,767.0,295.0,515.0,0.622,0.117,0.57,1793.0,8.602,0.02,0.00130148,0.0012,0.000201289,0.00154
294,OCCCN5268M1,OCCCN5268M1-021022,POZO 369 ALBIA,SUBTERRÁNEO,2022-09-26 00:00:00,2022,126.9,430.0,20.0,254.6,0.017,0.00021,3.46,10.0,0.443,0.487,0.00130148,0.0012,0.000201289,0.00154
295,OCCCN5279M1,OCCCN5279M1-021022,POZO 701 EL FRESNO DEL NORTE,SUBTERRÁNEO,2022-09-27 00:00:00,2022,108.6,333.0,37.4,221.8,0.052,0.009,0.96,20.0,0.619,0.085,0.00130148,0.0012,0.000201289,0.00154
296,OCCCN5280M1,OCCCN5280M1-091022,POZO CALERAS DE LA LAGUNA,SUBTERRÁNEO,2022-10-05 00:00:00,2022,160.4,1203.0,365.8,874.0,0.01,0.00021,0.72,10.0,20.478,0.03,0.00130148,0.0012,0.000201289,0.00154
297,OCCCN5291M1,OCCCN5291M1-091022,POZO 1522 URQUIZO,SUBTERRÁNEO,2022-10-05 00:00:00,2022,168.7,2493.0,1262.6,2356.0,0.086,0.391,0.46,3255.0,4.987,0.134,0.00130148,0.0012,0.000201289,0.00154
298,OCCCN5276M1,OCCCN5276M1-091022,POZO NUEVO SAN ISIDRO,SUBTERRÁNEO,2022-10-06 00:00:00,2022,136.6,424.0,125.9,291.0,0.027,0.002,0.39,52.0,4.211,0.081,0.00130148,0.0012,0.000201289,0.00154
299,OCCCN5285M1,OCCCN5285M1-021022,POZO 529 GATHO,SUBTERRÁNEO,2022-09-28 00:00:00,2022,57.9,1645.0,430.0,1177.0,0.079,0.014,0.51,10.0,0.53,0.041,0.00130148,0.0012,0.000201289,0.00154
300,OCCCN5288M1,OCCCN5288M1-021022,POZO EL CARIÑO,SUBTERRÁNEO,2022-09-26 00:00:00,2022,107.6,637.0,95.6,374.0,0.322,0.003,0.82,10.0,0.13,0.038,0.00130148,0.0012,0.000201289,0.00154
301,OCCCN5295M1,OCCCN5295M1-091022,POZO SAN ISIDRO,SUBTERRÁNEO,2022-10-05 00:00:00,2022,140.8,924.0,377.6,706.6,0.0061,0.00021,0.51,10.0,4.456,0.03,0.00130148,0.0012,0.000201289,0.00154
302,OCCCN5715,OCCCN5715-310722,POZO 22 DE FEBRERO,SUBTERRÁNEO,2022-07-27 00:00:00,2022,127.7,1377.0,228.0,994.4,0.441,0.007,0.33,10.0,8.932,0.0093,0.00130148,0.0024,0.000201289,0.00154
303,OCCCN5716,OCCCN5716-310722,POZO MARTHA,SUBTERRÁNEO,2022-07-27 00:00:00,2022,128.8,1571.0,772.0,1394.2,0.065,0.003,1.85,10.0,15.925,0.037,0.00130148,0.0026,0.000201289,0.00154
304,OCCCN5724,OCCCN5724-021022,POZO ROMA TEXAS,SUBTERRÁNEO,2022-09-15 00:00:00,2022,196.9,999.0,324.1,690.6,0.119,0.00021,0.43,10.0,14.12,0.0015,0.00130148,0.0012,0.000201289,0.00154
305,OCCCN5293M1,OCCCN5293M1-091022,POZO SAN PABLO,SUBTERRÁNEO,2022-10-05 00:00:00,2022,110.7,3953.0,1937.1,4123.5,0.02,0.422,0.61,10.0,4.071,0.198,0.00130148,0.00145,0.000201289,0.00154
306,OCCCN5720,OCCCN5720-091022,POZO AMAPOLAS,SUBTERRÁNEO,2022-10-03 00:00:00,2022,103.5,4413.0,1290.1,3866.5,0.261,0.403,0.77,305.0,1.952,0.085,0.00130148,0.0012,0.000201289,0.00154
307,OCCCN5717,OCCCN5717-310722,POZO POANAS,SUBTERRÁNEO,2022-07-27 00:00:00,2022,163.8,1722.0,920.0,1602.2,0.037,0.001,2.22,10.0,4.849,0.041,0.00130148,0.0012,0.000201289,0.00154
308,OCCCN5746,OCCCN5746-021022,POZO JABONCILLO,SUBTERRÁNEO,2022-09-28 00:00:00,2022,93.4,675.0,121.5,422.0,0.059,0.014,1.0,10.0,0.516,0.105,0.00130148,0.0012,0.000201289,0.00154
309,OCCCN5747,OCCCN5747-021022,POZO LAS ISABELES,SUBTERRÁNEO,2022-09-27 00:00:00,2022,61.9,1379.0,386.4,981.7,1.98,0.061,0.89,10.0,0.079,0.067,0.00130148,0.0012,0.000201289,0.00154
310,OCCCN5744,OCCCN5744-021022,POZO ALMACEN,SUBTERRÁNEO,2022-09-27 00:00:00,2022,150.2,606.0,155.8,402.0,0.018,0.026,0.56,10.0,2.721,0.042,0.00130148,0.0012,0.000201289,0.00154
311,OCCCN5745,OCCCN5745-021022,POZO BATOPILAS,SUBTERRÁNEO,2022-09-28 00:00:00,2022,91.3,1984.0,396.8,1377.3,0.027,0.164,0.79,10.0,12.482,0.032,0.00130148,0.0012,0.000201289,0.00154
312,OCCCN5722,OCCCN5722-091022,POZO SAN SEBASTIAN,SUBTERRÁNEO,2022-10-03 00:00:00,2022,128.9,3193.0,1651.9,2977.5,0.01,0.00021,0.85,10.0,15.825,0.13,0.00130148,0.0012,0.000201289,0.00154
313,OCCCN5740,OCCCN5740-070822,POZO SAN NICOLAS,SUBTERRÁNEO,2022-08-02 00:00:00,2022,194.5,449.0,256.0,324.2,0.0041,0.00021,0.49,10.0,5.883,0.0077,0.00130148,0.0015,0.000201289,0.00154
314,OCCCN5741,OCCCN5741-070822,POZO EL CORONEL,SUBTERRÁNEO,2022-09-15 00:00:00,2022,266.2,556.0,309.5,375.0,0.106,0.003,0.55,1664.0,0.831,0.03,0.00130148,0.0012,0.000201289,0.00154
315,OCCCN5742,OCCCN5742-070822,POZO EL COLORIN,SUBTERRÁNEO,2022-08-02 00:00:00,2022,216.6,683.0,318.0,492.8,0.0041,0.00021,0.5,10.0,11.833,0.0064,0.00130148,0.0014,0.000201289,0.00154
316,OCCCN5296M1,OCCCN5296M1-091022,POZO NUEVA VICTORIA,SUBTERRÁNEO,2022-10-05 00:00:00,2022,142.8,858.0,361.9,649.2,0.034,0.00021,0.85,10.0,4.282,0.0015,0.00130148,0.0012,0.000201289,0.00154
317,OCCCN5751,OCCCN5751-021022,POZO SAN ESTEBAN DE EGIPTO,SUBTERRÁNEO,2022-09-27 00:00:00,2022,117.7,421.0,95.6,263.0,0.0044,0.007,0.43,10.0,1.718,0.049,0.00130148,0.0012,0.000201289,0.00154
318,OCCCN5748,OCCCN5748-021022,POZO LAS MERCEDES,SUBTERRÁNEO,2022-09-28 00:00:00,2022,104.5,812.0,122.6,539.0,0.0041,0.025,0.87,10.0,1.36,0.063,0.00130148,0.0012,0.000201289,0.00154
319,OCCCN5754,OCCCN5754-021022,POZO 3 MATAMOROS,SUBTERRÁNEO,2022-09-29 00:00:00,2022,102.5,427.0,39.5,257.6,0.012,0.005,1.25,10.0,0.243,0.106,0.00130148,0.0012,0.000201289,0.00154
320,OCCCN5755,OCCCN5755-021022,POZO 4 MATAMOROS,SUBTERRÁNEO,2022-09-29 00:00:00,2022,105.6,328.0,20.0,187.0,0.007,0.003,0.94,10.0,0.045,0.092,0.00130148,0.0012,0.000201289,0.00154
321,OCCCN5761,OCCCN5761-091022,POZO 12 DE DICIEMBRE.,SUBTERRÁNEO,2022-10-03 00:00:00,2022,207.1,2430.0,857.4,2155.5,0.0053,0.003,0.56,4106.0,91.894,0.057,0.00130148,0.0012,0.000201289,0.00154
322,OCCCN5762,OCCCN5762-091022,POZO 4 NUEVA UNION,SUBTERRÁNEO,2022-10-06 00:00:00,2022,190.4,1501.0,448.4,978.3,0.0085,0.00021,0.81,10.0,13.137,0.03,0.00130148,0.0012,0.000201289,0.00154
323,OCCCN5750,OCCCN5750-021022,POZO MARRANERAS (NUEVO),SUBTERRÁNEO,2022-09-28 00:00:00,2022,90.3,484.0,43.6,309.6,0.0054,0.00021,0.78,10.0,0.199,0.078,0.00130148,0.0012,0.000201289,0.00154
324,OCCCN5758,OCCCN5758-021022,POZO HORMIGUERO,SUBTERRÁNEO,2022-09-26 00:00:00,2022,112.7,840.0,317.8,621.2,0.016,0.00021,0.31,10.0,2.368,0.027,0.00130148,0.0012,0.000201289,0.00154
325,OCCCN5759,OCCCN5759-250922,POZO LA ESPERANZA.,SUBTERRÁNEO,2022-09-23 00:00:00,2022,99.5,349.0,43.6,207.4,0.031,0.003,0.6,10.0,0.606,0.044,0.00130148,0.0012,0.000201289,0.00154
326,OCCCN5753,OCCCN5753-021022,POZO VIRGINIAS,SUBTERRÁNEO,2022-09-27 00:00:00,2022,92.4,921.0,135.0,594.8,0.018,0.03,0.64,10.0,2.566,0.074,0.00130148,0.0012,0.000201289,0.00154
327,OCCCN5760,OCCCN5760-021022,POZO TANQUE MATAMOROS,SUBTERRÁNEO,2022-09-29 00:00:00,2022,102.5,316.0,24.9,190.4,0.0071,0.004,0.81,10.0,0.063,0.09,0.00130148,0.0012,0.000201289,0.00154
328,OCCCN5766,OCCCN5766-091022,POZO 5 DE MAYO (VIESCA),SUBTERRÁNEO,2022-10-05 00:00:00,2022,92.1,6610.0,1504.4,5735.5,0.878,0.032,0.31,74.0,153.114,0.092,0.00130148,0.0012,0.000201289,0.00154
329,OCCCN5775,OCCCN5775-091022,POZO PUNTA DE SANTO DOMINGO,SUBTERRÁNEO,2022-10-04 00:00:00,2022,265.9,1728.0,361.9,1073.0,0.052,0.002,2.86,10.0,8.731,0.07,0.00130148,0.0012,0.000201289,0.00154
330,OCCCN5752,OCCCN5752-021022,POZO SANTO NIÑO (FCO. I. MADERO),SUBTERRÁNEO,2022-10-06 00:00:00,2022,56.9,1990.0,625.4,1591.3,0.0059,0.023,0.39,10.0,0.873,0.021,0.00130148,0.0012,0.000201289,0.00154
331,OCCCN5757,OCCCN5757-250922,POZO GRANADA,SUBTERRÁNEO,2022-09-23 00:00:00,2022,73.1,773.0,120.5,457.8,0.011,0.008,0.74,10.0,0.376,0.051,0.00130148,0.0012,0.000201289,0.00154
332,OCCCN5756,OCCCN5756-021022,POZO EL FENIX,SUBTERRÁNEO,2022-09-26 00:00:00,2022,228.4,1860.0,814.3,1508.3,0.0085,0.00021,0.18,10.0,7.83,0.0092,0.00130148,0.0031,0.000201289,0.00154
333,OCCCN5763,OCCCN5763-250922,POZO JALISCO,SUBTERRÁNEO,2022-09-19 00:00:00,2022,238.7,1249.0,407.2,873.7,0.268,0.004,1.17,10.0,13.705,0.027,0.00130148,0.0012,0.000201289,0.00154
334,OCCCN5764,OCCCN5764-091022,POZO JIMULCO,SUBTERRÁNEO,2022-09-29 00:00:00,2022,221.3,1393.0,390.6,1062.0,0.309,0.006,1.69,10.0,8.426,0.03,0.00130148,0.0012,0.000201289,0.00154
335,OCCCN5850,OCCCN5850-250922,POZO ENRIQUE FLORES MAGON,SUBTERRÁNEO,2022-09-19 00:00:00,2022,321.3,5180.0,1499.9,4458.5,0.487,0.003,2.13,10.0,12.128,0.099,0.00130148,0.0012,0.000201289,0.00154
336,OCCCN5765,OCCCN5765-310722,POZO JUAN EUGENIO,SUBTERRÁNEO,2022-07-28 00:00:00,2022,250.8,1734.0,538.0,1340.4,0.012,0.00021,1.63,10.0,15.567,0.026,0.00130148,0.0019,0.000201289,0.00154
337,OCCCN5848,OCCCN5848-250922,POZO 18 DE MARZO.,SUBTERRÁNEO,2022-09-18 00:00:00,2022,321.3,1969.0,776.9,1538.7,0.0083,0.00021,2.64,10.0,2.118,0.081,0.00130148,0.0012,0.000201289,0.00154
338,OCCCN5779,OCCCN5779-091022,POZO TANQUE AGUILEREÑO,SUBTERRÁNEO,2022-10-04 00:00:00,2022,233.4,623.0,20.0,380.0,0.261,0.003,1.34,10.0,0.304,0.0015,0.00130148,0.015,0.000201289,0.00154
339,OCCCN5849,OCCCN5849-250922,POZO EL REFUGIO.,SUBTERRÁNEO,2022-09-19 00:00:00,2022,149.9,2650.0,421.7,1986.0,0.081,0.003,1.22,24196.0,10.354,0.02,0.00130148,0.013,0.000201289,0.00154
340,OCCCN5856,OCCCN5856-250922,POZO LA GRANJA,SUBTERRÁNEO,2022-09-18 00:00:00,2022,139.7,829.0,365.6,487.0,0.0093,0.00021,0.36,10.0,6.13,0.0015,0.00130148,0.0012,0.000201289,0.00154
341,OCCCN5774,OCCCN5774-310722,POZO LA VENTANA,SUBTERRÁNEO,2022-07-28 00:00:00,2022,222.1,1203.0,350.0,883.8,0.0097,0.00021,1.83,10.0,10.018,0.031,0.00130148,0.0012,0.000201289,0.00154
342,OCCCN5852,OCCCN5852-250922,POZO GENERAL SIMON BOLIVAR,SUBTERRÁNEO,2022-09-18 00:00:00,2022,326.4,1990.0,822.7,1647.0,0.063,0.00021,2.6,10.0,2.272,0.078,0.00130148,0.0012,0.000201289,0.00154
343,OCCCN5853,OCCCN5853-250922,POZO HUARICHIC,SUBTERRÁNEO,2022-09-19 00:00:00,2022,256.0,800.0,211.9,536.0,0.006,0.001,1.41,63.0,0.318,0.044,0.00130148,0.0012,0.000201289,0.00154
344,OCCCN5860,OCCCN5860-091022,POZO ROSALIA,SUBTERRÁNEO,2022-10-04 00:00:00,2022,337.0,2920.0,944.0,2492.3,0.01,0.00021,3.28,10.0,9.659,0.028,0.00130148,0.0012,0.000201289,0.00154
345,OCCCN5851,OCCCN5851-250922,POZO GARCIA DE LA CADENA,SUBTERRÁNEO,2022-09-18 00:00:00,2022,127.5,1235.0,143.3,778.7,0.018,0.00021,1.24,10.0,15.568,0.032,0.00130148,0.009,0.000201289,0.00154
346,OCCCN5861,OCCCN5861-250922,POZO SAN ANTONIO DE ZARAGOZA,SUBTERRÁNEO,2022-09-19 00:00:00,2022,258.1,1961.0,687.6,1522.3,0.134,0.002,1.24,158.0,7.275,0.021,0.00130148,0.0012,0.000201289,0.00154
347,OCCCN5862,OCCCN5862-310722,POZO SAN JOSE DE ZARAGOZA,SUBTERRÁNEO,2022-07-28 00:00:00,2022,240.9,1743.0,454.0,1271.0,0.023,0.00021,1.84,10.0,16.02,0.023,0.00130148,0.0012,0.000201289,0.00154
348,OCCCN5777,OCCCN5777-091022,POZO SAN JOSE DEL AGUAJE,SUBTERRÁNEO,2022-10-04 00:00:00,2022,258.8,1329.0,354.0,898.7,0.087,0.003,1.54,10.0,7.865,0.015,0.00130148,0.0012,0.000201289,0.00154
349,OCCCN5854,OCCCN5854-250922,POZO IGNACIO ZARAGOZA,SUBTERRÁNEO,2022-09-19 00:00:00,2022,270.3,2129.0,691.8,1926.3,0.0041,0.00021,1.78,10.0,8.697,0.045,0.00130148,0.0012,0.000201289,0.00154
350,OCCCN5859,OCCCN5859-250922,POZO RICARDO FLORES MAGON,SUBTERRÁNEO,2022-09-18 00:00:00,2022,135.7,2770.0,822.7,2186.5,0.313,0.002,0.9,10.0,13.273,0.022,0.00130148,0.0012,0.000201289,0.00154
351,OCCCN5872,OCCCN5872-091022,POZO NAZARENO 2,SUBTERRÁNEO,2022-10-04 00:00:00,2022,233.4,904.0,306.8,589.8,0.011,0.00021,1.12,10.0,6.577,0.042,0.00130148,0.0012,0.000201289,0.00154
352,OCCCN5858,OCCCN5858-250922,POZO ORIENTE AGUANAVAL,SUBTERRÁNEO,2022-09-19 00:00:00,2022,249.9,3193.0,1080.2,2718.5,0.308,0.00021,2.0,10.0,17.27,0.076,0.00130148,0.009,0.000201289,0.00154
353,OCCCN5874,OCCCN5874-091022,POZO NAZARENO DE ABAJO,SUBTERRÁNEO,2022-10-06 00:00:00,2022,187.3,1756.0,477.9,1177.0,0.133,0.002,0.94,10.0,7.604,0.041,0.00130148,0.0012,0.000201289,0.00154
354,OCCCN5857,OCCCN5857-250922,POZO LOS SAUCES,SUBTERRÁNEO,2022-09-18 00:00:00,2022,232.6,970.0,359.4,704.2,0.04,0.001,0.55,3654.0,38.467,0.0015,0.00130148,0.0012,0.000201289,0.00154
355,OCCCN5864,OCCCN5864-250922,POZO SANTA ROSA,SUBTERRÁNEO,2022-09-19 00:00:00,2022,234.6,823.0,211.9,545.0,0.018,0.004,1.05,10.0,4.984,0.028,0.00130148,0.0012,0.000201289,0.00154
356,OCCCN5871,OCCCN5871-091022,POZO NAZARENO,SUBTERRÁNEO,2022-10-04 00:00:00,2022,230.4,776.0,277.3,474.6,0.127,0.013,0.7,10.0,4.326,0.045,0.00130148,0.0012,0.000201289,0.00154
357,OCCCN5863,OCCCN5863-250922,POZO SAN VICENTE DE MELONES,SUBTERRÁNEO,2022-09-18 00:00:00,2022,255.0,900.0,247.2,614.2,0.0073,0.00021,2.52,10.0,3.314,0.053,0.00130148,0.0012,0.000201289,0.00154
358,OCCCN5879,OCCCN5879-021022,POZO BUEN DIA,SUBTERRÁNEO,2022-09-29 00:00:00,2022,246.6,2473.0,747.9,2090.7,0.086,0.004,1.37,97.0,3.497,0.078,0.00130148,0.0012,0.000201289,0.00154
359,OCCCN5880,OCCCN5880-021022,POZO EL DIAMANTE,SUBTERRÁNEO,2022-09-29 00:00:00,2022,259.8,2517.0,864.2,2257.0,0.12,0.004,2.77,52.0,8.432,0.085,0.00130148,0.0012,0.000201289,0.00154
360,OCCCN5881,OCCCN5881-021022,POZO EL JARALITO,SUBTERRÁNEO,2022-09-29 00:00:00,2022,79.2,1558.0,943.1,1384.3,0.052,0.008,1.81,228.0,0.042,0.271,0.00130148,0.0012,0.000201289,0.00154
361,OCCCN5876,OCCCN5876-310722,POZO PICARDIAS,SUBTERRÁNEO,2022-07-28 00:00:00,2022,215.5,990.0,262.0,680.4,0.0041,0.00021,1.97,10.0,6.106,0.028,0.00130148,0.0012,0.000201289,0.00154
362,OCCCN5877,OCCCN5877-021022,POZO 30 DE NOVIEMBRE (NUEVO),SUBTERRÁNEO,2022-09-15 00:00:00,2022,230.5,566.0,307.5,369.4,0.0097,0.002,1.34,10.0,4.95,0.053,0.00130148,0.0012,0.000201289,0.00154
363,OCCCN5878,OCCCN5878-021022,POZO 5 DE MAYO,SUBTERRÁNEO,2022-10-03 00:00:00,2022,347.1,953.0,365.8,580.8,0.012,0.00021,0.55,10.0,1.879,0.0015,0.00130148,0.0012,0.000201289,0.00154
377,OCFSU3138,OCFSU3138-040922,SANTA TERESA 2A. SECCION,SUBTERRÁNEO,2022-08-17 00:00:00,2022,103.9,218.0,66.3,152.6,1.621,0.164,0.1,10.0,0.031,0.0015,0.00130148,0.0012,0.000201289,0.00154
378,OCFSU3139,OCFSU3139-040922,EST. JUAREZ,SUBTERRÁNEO,2022-08-17 00:00:00,2022,92.8,197.0,68.3,141.6,0.014,0.003,0.13,10.0,0.266,0.0015,0.00130148,0.0012,0.000201289,0.00154
379,OCFSU3131,OCFSU3131-040922,MACAYO 3RA. SECCION,SUBTERRÁNEO,2022-08-17 00:00:00,2022,433.2,889.0,433.7,531.8,0.0041,0.734,0.19,10.0,0.231,0.0015,0.00130148,0.0012,0.000201289,0.00154
380,OCGCE3209,OCGCE3209-280822,CRAS CUENCA PAPALOAPAN (POBL. NOPALTEPEC),SUBTERRÁNEO,2022-08-25 00:00:00,2022,58.0,292.0,75.7,240.0,0.316,0.009,0.0364,30.0,3.501,0.0015,0.00130148,0.015,0.000201289,0.00245
381,OCGCE3261,OCGCE3261-280822,CMAS PEROTE (CERRO COLORADO),SUBTERRÁNEO,2022-08-22 00:00:00,2022,256.0,499.0,313.9,492.0,0.11,0.00139,0.0364,30.0,2.808,0.0015,0.00130148,0.015,0.000201289,0.00177
383,OCGCE3324,OCGCE3324-280822,COMISION REGIONAL DE AGUA Y SANEAMIENTO POZO 8,SUBTERRÁNEO,2022-09-19 00:00:00,2022,256.2,3131.0,1069.4,2410.0,0.331,0.074,0.0364,3.0,0.135,0.0015,0.00130148,0.007,0.000206,0.00154
384,OCGCE3341,OCGCE3341-280822,CMASA EL CONCHAL,SUBTERRÁNEO,2022-08-23 00:00:00,2022,359.0,2213.0,532.9,1858.0,0.112,0.048,0.0364,30.0,3.645,0.0037,0.00130148,0.013,0.000201289,0.00186
385,OCGCE3385,OCGCE3385-280822,H. AYUNTAMIENTO CONSTITUCIONAL ORIZABA (POBLADO EL TREBOL),SUBTERRÁNEO,2022-08-26 00:00:00,2022,129.0,359.0,146.5,300.0,0.206,0.01,0.0364,30.0,4.151,0.0015,0.00130148,0.015,0.000201289,0.00154
386,OCGCE3430,OCGCE3430-040922,CMAPS NANCHITAL (P-KM 34-2),SUBTERRÁNEO,2022-08-18 00:00:00,2022,163.8,1034.0,230.9,588.8,0.089,0.022,0.22,10.0,0.072,0.0015,0.00130148,0.0012,0.000201289,0.00154
387,OCGCE3431,OCGCE3431-040922,COMISION MUNICIPAL DE AGUA POTABLE Y SANEAMIENTO DE COATZACOALCOS (POZO ALLENDE NO. 1),SUBTERRÁNEO,2022-08-28 00:00:00,2022,177.9,3550.0,391.6,1853.8,3.282,0.133,0.25,10.0,0.04,0.012,0.00130148,0.0012,0.000201289,0.00154
388,OCGNO3484,OCGNO3484-210822,POZO 21 EJ. EL PROGRESO,SUBTERRÁNEO,2022-08-22 00:00:00,2022,295.0,991.0,372.0,643.0,0.887,0.006,0.48,3.0,1.568,0.003072,0.00130148,0.001874,0.000201289,0.001641
389,OCGCE5350,OCGCE5350-280822,O OP CD. CARDEL (COL. V. LOPEZ P-3),SUBTERRÁNEO,2022-08-22 00:00:00,2022,203.0,462.0,230.6,402.0,0.115,0.00119,0.0364,30.0,5.887,0.0015,0.00130148,0.023,0.000201289,0.00495
390,OCGCE5353,OCGCE5353-210822,O OP LOC TIERRA BLANCA (P-1),SUBTERRÁNEO,2022-09-22 00:00:00,2022,145.0,666.0,229.3,526.0,0.116,0.005,0.0364,30.0,5.97,0.0015,0.00130148,0.007,0.000435,0.00154
392,OCGNO3572,OCGNO3572-280822,POZO 27 EL OJITO,SUBTERRÁNEO,2022-08-29 00:00:00,2022,316.0,1303.0,599.0,871.0,0.103,0.218,0.32,150.0,0.031,0.0015,0.00130148,0.003035,0.0012,0.001736
393,OCGNO3574,OCGNO3574-280822,POZO 25 COMAPA PLANTA TRATADORA,SUBTERRÁNEO,2022-08-29 00:00:00,2022,263.0,898.0,511.0,565.0,0.059,0.003,0.083,3.0,4.339,0.0015,0.00130148,0.003018,0.000201289,0.002421
394,OCGNO3643,OCGNO3643-140822,POZO 112 CASA HOGAR MAMA PAULITA,SUBTERRÁNEO,2022-09-13 00:00:00,2022,221.0,1362.0,736.0,1076.0,0.071,0.029,0.24,93.0,6.742,0.0015,0.00130148,0.00202,0.000201289,0.00154
395,OCGNO3648,OCGNO3648-140822,POZO 147 EJIDO SAN PEDRO,SUBTERRÁNEO,2022-09-13 00:00:00,2022,350.0,1238.0,474.0,775.0,0.063,0.006,0.42,1100.0,6.668,0.0015,0.00130148,0.001773,0.0003905,0.00154
396,OCGNO6329,OCGNO6329-070822,POZO 36 EJIDO 20 DE NOVIEMBRE,SUBTERRÁNEO,2022-08-01 00:00:00,2022,270.0,7327.0,1814.0,4539.0,0.108,0.005,0.7,2400.0,37.571,0.0015,0.00130148,0.009,0.0017,0.001604
398,OCGNO6350,OCGNO6350-310722,POZO 77B EJIDO EL PALMAR,SUBTERRÁNEO,2022-07-28 00:00:00,2022,175.0,706.0,328.0,394.0,0.114,0.02,0.37,3.0,8.325,0.0015,0.00130148,0.0012,0.0009,0.02
399,OCLSP3687,OCLSP3687-210822,POZO RANCHO ALEGRE,SUBTERRÁNEO,2022-08-22 00:00:00,2022,698.7,1450.0,435.7,881.8,0.0041,0.315,1.1,10.0,0.597,0.018,0.00130148,0.0012,0.000201289,0.00154
400,OCLSP3697,OCLSP3697-210822,POZO 62. (SARH 344),SUBTERRÁNEO,2022-08-22 00:00:00,2022,286.4,684.0,243.0,427.8,0.0041,0.00021,0.41,20.0,5.653,0.0015,0.00130148,0.0012,0.000201289,0.00154
401,OCLSP3711,OCLSP3711-210822,POZO TESISTAN 62,SUBTERRÁNEO,2022-08-15 00:00:00,2022,50.8,234.0,44.2,250.2,0.0092,0.00021,0.17,10.0,9.589,0.0015,0.00130148,0.0012,0.000201289,0.00154
402,OCLSP3718,OCLSP3718-210822,POZO LAS GRANJAS,SUBTERRÁNEO,2022-08-17 00:00:00,2022,139.2,323.0,86.3,196.0,0.086,0.001,0.31,10.0,1.971,0.0015,0.00130148,0.0012,0.000201289,0.00154
403,OCLSP3720,OCLSP3720-210822,POZO COYOTES,SUBTERRÁNEO,2022-08-17 00:00:00,2022,80.7,156.0,58.2,147.8,0.076,0.00021,0.14,10.0,1.576,0.0015,0.00130148,0.0012,0.000201289,0.00154
404,OCLSP3782,OCLSP3782-040922,POZO 4 CH-103. JOCOTEPEC,SUBTERRÁNEO,2022-08-22 00:00:00,2022,204.0,462.0,138.6,316.4,0.0061,0.009,0.22,10.0,0.401,0.0015,0.00130148,0.0012,0.000201289,0.00154
405,OCLSP3785,OCLSP3785-040922,POZO 3 CH-223. SIMAPA. SAN JUAN COSALA,SUBTERRÁNEO,2022-08-22 00:00:00,2022,313.6,796.0,305.2,506.0,0.829,0.46,0.33,31.0,0.174,0.0015,0.00130148,0.0012,0.000201289,0.00154
406,OCLSP3799,OCLSP3799-040922,POZO HIST. 6-18. MEZCALA DE LA AZUNCION,SUBTERRÁNEO,2022-08-22 00:00:00,2022,162.8,351.0,40.2,286.4,0.071,0.06,0.6,31.0,0.155,0.0015,0.00130148,0.0012,0.000201289,0.00154
407,OCLSP3817,OCLSP3817-210822,POZO NO. 760,SUBTERRÁNEO,2022-08-17 00:00:00,2022,244.2,752.0,84.3,547.4,0.0041,0.00021,6.1,10.0,0.427,0.112,0.00130148,0.0012,0.000201289,0.00154
408,OCLSP3818,OCLSP3818-210822,POZO ATOTONILCO MPIO 1,SUBTERRÁNEO,2022-08-17 00:00:00,2022,345.9,777.0,375.5,552.6,0.03,0.002,0.43,148.0,12.284,0.0015,0.00130148,0.0012,0.000201289,0.00154
409,OCLSP3827,OCLSP3827-210822,POZO NO. 687,SUBTERRÁNEO,2022-08-17 00:00:00,2022,243.1,944.0,128.5,698.6,0.0088,0.00021,4.23,10.0,22.785,0.045,0.00130148,0.0013,0.000201289,0.00154
410,OCLSP3828,OCLSP3828-210822,POZO UNIDAD DEPORTIVA OCOTLAN,SUBTERRÁNEO,2022-08-22 00:00:00,2022,283.2,629.0,172.7,407.6,0.145,0.079,0.44,10.0,0.047,0.0015,0.00130148,0.0012,0.000201289,0.00154
411,OCLSP3841,OCLSP3841-140822,POZO 34. ATEQUIZA 2,SUBTERRÁNEO,2022-08-22 00:00:00,2022,205.1,480.0,110.4,330.0,0.0041,0.00021,0.61,10.0,3.139,0.0015,0.00130148,0.0012,0.000201289,0.00154
412,OCLSP3860,OCLSP3860-210822,POZO SUR POBLACION TAPALPA,SUBTERRÁNEO,2022-08-16 00:00:00,2022,139.2,302.0,116.5,205.8,0.0041,0.007,0.21,10.0,2.601,0.0015,0.00130148,0.0012,0.000201289,0.00154
413,OCLSP3983,OCLSP3983-280822,POZO SEAPAL 9,SUBTERRÁNEO,2022-10-01 00:00:00,2022,73.1,230.0,70.8,150.4,0.0076,0.00021,0.55,10.0,0.776,0.0015,0.00130148,0.0012,0.000201289,0.00154
414,OCLSP3970,OCLSP3970-280822,POZO RADIAL SEAPAL,SUBTERRÁNEO,2022-10-01 00:00:00,2022,140.1,390.0,155.4,231.6,1.959,0.634,0.35,63.0,0.211,0.0015,0.00130148,0.0012,0.000201289,0.00154
415,OCNOR4018,OCNOR4018-210822,POZO SAUZ DE URES,SUBTERRÁNEO,2022-08-18 00:00:00,2022,362.4,1481.0,576.3,1119.4,0.042,0.00021,0.54,10.0,7.761,0.0015,0.00130148,0.0012,0.000201289,0.00154
416,OCNOR4034,OCNOR4034-310722,POZO VILLA DEL REAL,SUBTERRÁNEO,2022-07-30 00:00:00,2022,192.3,887.0,226.0,519.8,0.0041,0.00021,0.93,10.0,8.209,0.0043,0.00130148,0.005,0.000201289,0.00154
417,OCNOR4035,OCNOR4035-310722,POZO BAGOTES Z12,SUBTERRÁNEO,2022-07-30 00:00:00,2022,190.1,577.0,188.0,367.4,0.0091,0.00021,0.58,31.0,1.572,0.0015,0.00130148,0.0021,0.000201289,0.00154
418,OCNOR4025,OCNOR4025-310722,POZO ARIZPE,SUBTERRÁNEO,2022-07-26 00:00:00,2022,212.4,851.0,386.0,624.0,0.074,0.00021,0.28,10.0,1.705,0.0015,0.00130148,0.0034,0.000201289,0.00154
419,OCNOR4036,OCNOR4036-310722,EL REAL DEL CATORCE,SUBTERRÁNEO,2022-07-30 00:00:00,2022,189.0,552.0,140.0,346.6,0.0079,0.00021,0.45,10.0,0.649,0.0015,0.00130148,0.0039,0.000201289,0.00154
420,OCNOR4027,OCNOR4027-310722,POZO TAHUICHOPA,SUBTERRÁNEO,2022-07-26 00:00:00,2022,239.6,991.0,412.0,745.8,0.015,0.021,0.32,10.0,1.991,0.0015,0.00130148,0.0012,0.000201289,0.00154
421,OCNOR4071,OCNOR4071-070822,VIÑEDO LOS ARROYOS,SUBTERRÁNEO,2022-08-05 00:00:00,2022,166.9,562.0,100.0,330.8,0.029,0.002,0.7,364.0,1.424,0.0015,0.00130148,0.021,0.000201289,0.00154
422,OCNOR4072,OCNOR4072-070822,CAMPO SAN JOSE,SUBTERRÁNEO,2022-08-05 00:00:00,2022,153.6,626.0,140.0,384.8,0.016,0.001,0.48,393.0,5.844,0.0015,0.00130148,0.028,0.000201289,0.00154
423,OCNOR4153,OCNOR4153-110922,POZO SAN MIGUEL DE HORCASITAS,SUBTERRÁNEO,2022-10-06 00:00:00,2022,246.3,722.0,281.2,461.8,0.0072,0.00021,0.47,10.0,2.763,0.02,0.00130148,0.0012,0.000201289,0.00154
424,OCNOR4179,OCNOR4179-040922,LA COLORADA,SUBTERRÁNEO,2022-08-31 00:00:00,2022,250.6,714.0,292.9,459.0,0.0041,0.00021,0.76,10.0,6.381,0.0015,0.00130148,0.0012,0.000201289,0.00154
425,OCNOR4211,OCNOR4211-021022,OOMAPAS NO. 5,SUBTERRÁNEO,2022-09-23 00:00:00,2022,168.5,1817.0,70.6,1001.0,0.036,0.00021,6.13,282.0,6.23,0.0087,0.00130148,0.042,0.000201289,0.00154
426,OCNOR4212,OCNOR4212-021022,OOMAPAS NO 2,SUBTERRÁNEO,2022-09-23 00:00:00,2022,238.5,1934.0,105.9,1112.3,0.049,0.00021,5.38,496.0,1.641,0.029,0.00130148,0.006,0.000201289,0.00154
427,OCNOR4221,OCNOR4221-021022,EL VENTARRON,SUBTERRÁNEO,2022-09-23 00:00:00,2022,233.4,982.0,263.8,616.6,0.037,0.00021,0.74,10.0,6.822,0.043,0.00130148,0.0023,0.000201289,0.00154
428,OCNOR4224M1,OCNOR4224M1-021022,POZO QUITOVAC,SUBTERRÁNEO,2022-09-23 00:00:00,2022,293.3,1590.0,301.2,951.0,0.051,0.005,1.86,10.0,3.433,0.057,0.00130148,0.0039,0.000201289,0.00154
429,OCNOR4214,OCNOR4214-021022,OOMAPAS 6 PEÑASCO,SUBTERRÁNEO,2022-09-23 00:00:00,2022,231.4,1790.0,76.9,1033.0,0.036,0.001,4.59,10.0,1.685,0.023,0.00130148,0.007,0.000201289,0.00154
430,OCNOR6228,OCNOR6228-040922,SAN JOSE DE PIMAS,SUBTERRÁNEO,2022-08-31 00:00:00,2022,328.8,777.0,322.6,475.8,0.0041,0.00021,0.3,31.0,5.403,0.0015,0.00130148,0.0012,0.000201289,0.00154
431,OCNOR4225,OCNOR4225-021022,PUBLICO URBANO SONOITA,SUBTERRÁNEO,2022-09-23 00:00:00,2022,170.5,1517.0,205.7,951.7,0.0053,0.00021,3.58,98.0,7.538,0.017,0.00130148,0.015,0.000201289,0.00154
432,OCNOR6275,OCNOR6275-210822,ORG. OPER. CANANEA,SUBTERRÁNEO,2022-08-15 00:00:00,2022,126.0,270.0,92.4,174.8,0.046,0.00021,0.41,31.0,0.784,0.0015,0.00130148,0.006,0.000201289,0.00154
433,OCNOR6295,OCNOR6295-310722,POZO ZAMORA,SUBTERRÁNEO,2022-07-30 00:00:00,2022,138.1,768.0,78.0,441.0,0.015,0.00021,2.4,20.0,3.389,0.019,0.00130148,0.016,0.000201289,0.00154
434,OCNOR6251,OCNOR6251-210822,URES,SUBTERRÁNEO,2022-08-18 00:00:00,2022,239.8,1012.0,397.6,728.0,1.258,0.008,0.46,31.0,7.285,0.0015,0.00130148,0.0012,0.000201289,0.00154
435,OCNOR6242,OCNOR6242-140822,BAVIACORA POZO 1,SUBTERRÁNEO,2022-10-03 00:00:00,2022,325.8,1411.0,601.8,1068.0,0.0041,0.00021,0.42,41.0,7.431,0.00905,0.00130148,0.0012,0.000201289,0.00154
436,OCNOR6244,OCNOR6244-140822,HUEPAC,SUBTERRÁNEO,2022-08-10 00:00:00,2022,293.9,958.0,354.0,673.4,0.0079,0.00021,0.51,31.0,3.917,0.0074,0.00130148,0.0012,0.000201289,0.00154
437,OCNOR6503,OCNOR6503-140822,BAVIACORA 1,SUBTERRÁNEO,2022-10-03 00:00:00,2022,177.6,758.0,298.9,536.6,0.024,0.00021,0.29,10.0,1.99,0.0076,0.00130148,0.00185,0.000201289,0.00154
438,OCNOR6239,OCNOR6239-140822,ACONCHI,SUBTERRÁNEO,2022-08-11 00:00:00,2022,308.3,1144.0,384.0,821.0,0.0041,0.00021,0.48,20.0,5.166,0.0015,0.00130148,0.0012,0.000201289,0.00154
439,OCNOR6311,OCNOR6311-280822,POZO NORIA EL BABURO,SUBTERRÁNEO,2022-08-23 00:00:00,2022,362.4,2072.0,401.6,1345.0,0.053,0.672,0.58,1274.0,0.031,0.043,0.00130148,0.0012,0.000201289,0.00154
440,OCNOR6312,OCNOR6312-280822,POZO BUIYARUMO,SUBTERRÁNEO,2022-08-23 00:00:00,2022,289.7,851.0,114.5,535.8,0.0041,0.311,0.93,10.0,0.041,0.064,0.00130148,0.0012,0.000201289,0.00154
441,OCNOR6248,OCNOR6248-140822,SAN FELIPE DE JESUS,SUBTERRÁNEO,2022-09-30 00:00:00,2022,65.0,189.0,70.8,129.4,0.036,0.002,0.47,10.0,1.391,0.0015,0.00130148,0.0012,0.000201289,0.00154
443,OCNOR6310,OCNOR6310-280822,POZO EL CARO AGUA POTABLE,SUBTERRÁNEO,2022-08-23 00:00:00,2022,372.2,1936.0,126.5,1200.0,0.026,0.112,0.58,10.0,0.031,0.083,0.00130148,0.0012,0.000201289,0.00154
444,OCNORNUE3,OCNORNUE3-140822,SAN PABLO POZO NUEVO,SUBTERRÁNEO,2022-08-11 00:00:00,2022,203.3,551.0,202.0,372.4,0.0041,0.00021,0.23,135.0,2.034,0.0015,0.00130148,0.0012,0.000201289,0.00154
445,OCNORNUE1,OCNORNUE1-140822,LAS DELICIAS POZO NUEVO,SUBTERRÁNEO,2022-09-30 00:00:00,2022,158.3,311.0,104.2,189.4,0.0041,0.00021,0.85,10.0,1.256,0.0015,0.00130148,0.0012,0.000201289,0.00154
446,OCNOR6508,OCNOR6508-070822,EL MOLINITO,SUBTERRÁNEO,2022-08-01 00:00:00,2022,358.0,1141.0,338.0,721.0,0.0043,0.00021,0.79,10.0,2.043,0.0015,0.00130148,0.0013,0.000201289,0.00154
447,OCPBC4314,OCPBC4314-180922,ENSENADA 1 (POZO CESPE),SUBTERRÁNEO,2022-09-06 00:00:00,2022,201.8,12220.0,3522.6,8809.2,0.051,0.004,0.97,10.0,6.358,0.0015,0.00130148,0.0012,0.0007,0.00154
448,OCPBC4309,OCPBC4309-180922,MANEADERO 3 (POZO CESPE),SUBTERRÁNEO,2022-09-09 00:00:00,2022,199.6,2247.0,556.1,1498.0,1.178,0.02,2.1,10.0,6.44,0.0015,0.00130148,0.0012,0.000201289,0.00154
449,OCPBC4328,OCPBC4328-180922,CAMALU 1 (POZO NO 2),SUBTERRÁNEO,2022-09-12 00:00:00,2022,169.3,20207.0,8212.9,16263.0,0.193,0.021,0.35,256.0,2.769,0.0015,0.00130148,0.0012,0.001,0.00154
450,OCNOR6507,OCNOR6507-070822,TOPAHUE,SUBTERRÁNEO,2022-08-20 00:00:00,2022,231.1,1475.0,528.1,1134.2,0.017,0.0005,0.48,10.0,2.505,0.0015,0.00130148,0.0012,0.000201289,0.00154
453,OCPBC4315,OCPBC4315-180922,ENSENADA 3 (POZO CALLE 11 Y BLANCARTE),SUBTERRÁNEO,2022-09-08 00:00:00,2022,261.5,4570.0,1068.7,3047.0,0.0041,0.00021,0.94,10.0,15.872,0.0015,0.00130148,0.0012,0.000201289,0.00154
454,OCPBC4332,OCPBC4332-250922,POZO VG-3A (CNA-150),SUBTERRÁNEO,2022-09-12 00:00:00,2022,104.2,3067.0,1167.6,2513.0,0.0041,0.00021,0.17,10.0,95.897,0.0015,0.00130148,0.0012,0.000201289,0.00154
456,OCPBC4335,OCPBC4335-180922,SAN SIMON 1 (POZO NO 10 LOS PINOS),SUBTERRÁNEO,2022-09-11 00:00:00,2022,169.3,2116.0,668.9,1510.3,0.278,0.008,0.31,10.0,9.812,0.0015,0.00130148,0.0012,0.000201289,0.00154
457,OCPBC4334,OCPBC4334-180922,SAN QUINTIN 3 (POZO EJIDO NVO MEXICALI),SUBTERRÁNEO,2022-09-11 00:00:00,2022,195.3,2403.0,657.0,1667.0,0.333,0.012,0.33,10.0,2.812,0.0015,0.00130148,0.0012,0.000201289,0.00154
458,OCPBC4377,OCPBC4377-310722,LA MESA ARENOSA,SUBTERRÁNEO,2022-09-21 00:00:00,2022,149.9,1631.0,328.2,1027.3,0.115,0.126,0.29,10.0,0.036,0.0015,0.00130148,0.0012,0.000201289,0.00154
459,OCPBC4333,OCPBC4333-180922,SAN QUINTIN 1 (POZO UABC),SUBTERRÁNEO,2022-09-11 00:00:00,2022,217.0,3040.0,843.1,2138.5,0.237,0.038,0.37,10.0,1.069,0.0015,0.00130148,0.0012,0.000201289,0.00154
461,OCPBC5358,OCPBC5358-250922,POZO 10,SUBTERRÁNEO,2022-09-14 00:00:00,2022,225.4,1521.0,446.6,1022.7,0.016,0.023,0.68,20.0,12.651,0.0015,0.00130148,0.0012,0.000201289,0.00154
462,OCPBC5361,OCPBC5361-250922,POZO NO. 3,SUBTERRÁNEO,2022-09-21 00:00:00,2022,175.4,1414.0,307.5,888.0,0.038,0.184,0.3,10.0,0.124,0.0015,0.00130148,0.0012,0.000201289,0.00154
463,OCPBC5589,OCPBC5589-250922,SANTA ANITA,SUBTERRÁNEO,2022-09-08 00:00:00,2022,462.2,4553.0,989.5,2841.5,0.0041,0.032,0.82,10.0,16.436,0.0015,0.00130148,0.0012,0.000201289,0.00154
465,OCPBC5588,OCPBC5588-180922,MANEADERO,SUBTERRÁNEO,2022-09-09 00:00:00,2022,253.9,9287.0,2592.5,6514.5,0.018,0.00021,1.69,10.0,29.899,0.0015,0.00130148,0.00265,0.000201289,0.00154
466,OCPBC5362,OCPBC5362-250922,POZO 15,SUBTERRÁNEO,2022-09-21 00:00:00,2022,211.1,2104.0,610.8,1494.3,0.076,0.232,0.3,10.0,1.033,0.0015,0.00130148,0.0012,0.000201289,0.00154
467,OCPBC5596,OCPBC5596-021022,DISTRITO FEDERAL,SUBTERRÁNEO,2022-09-20 00:00:00,2022,232.6,1643.0,718.8,1185.5,0.588,0.404,0.32,10.0,0.035,0.0015,0.00130148,0.0012,0.000201289,0.00154
468,OCPBC5598,OCPBC5598-021022,CD MORELOS,SUBTERRÁNEO,2022-09-21 00:00:00,2022,197.9,1212.0,403.0,853.0,0.199,0.383,0.25,10.0,0.056,0.0015,0.00130148,0.0012,0.000201289,0.00154
470,OCPBC5594,OCPBC5594-021022,EJIDO LAZARO CARDENAS,SUBTERRÁNEO,2022-09-21 00:00:00,2022,177.5,1226.0,328.2,816.7,0.153,0.121,0.35,10.0,0.047,0.0015,0.00130148,0.0012,0.000201289,0.00154
471,OCPBC6318,OCPBC6318-250922,EL FRONTERIZO,SUBTERRÁNEO,2022-09-20 00:00:00,2022,190.7,2195.0,189.0,1339.3,0.068,0.048,0.92,10.0,0.155,0.0015,0.00130148,0.0012,0.000201289,0.00154
472,OCPBC6320,OCPBC6320-250922,ESTACION RIITO,SUBTERRÁNEO,2022-09-20 00:00:00,2022,95.9,2994.0,216.0,1676.0,0.088,0.072,0.53,10.0,0.042,0.0015,0.00130148,0.0012,0.000201289,0.00154
474,OCPBC6317,OCPBC6317-250922,LAS ADELITAS,SUBTERRÁNEO,2022-09-21 00:00:00,2022,107.1,2101.0,444.6,1352.0,0.0067,0.068,0.28,10.0,0.159,0.0015,0.00130148,0.0012,0.000201289,0.00154
475,OCPBC6322,OCPBC6322-250922,MESA RICA DOS,SUBTERRÁNEO,2022-09-20 00:00:00,2022,84.7,3826.0,313.7,2283.0,0.883,0.117,0.46,41.0,0.102,0.027,0.00130148,0.0012,0.000201289,0.00154
476,OCPBC6316,OCPBC6316-250922,ISLITA,SUBTERRÁNEO,2022-09-21 00:00:00,2022,198.9,2254.0,511.0,1487.7,0.097,0.187,0.24,10.0,0.032,0.0015,0.00130148,0.0012,0.000201289,0.00154
477,OCPBC6323,OCPBC6323-250922,INDEPENDENCIA,SUBTERRÁNEO,2022-09-20 00:00:00,2022,124.4,1410.0,102.8,852.7,0.032,0.019,0.73,10.0,0.033,0.0015,0.00130148,0.0012,0.000201289,0.00154
478,OCPBC6319,OCPBC6319-250922,LUIS B. SANCHEZ,SUBTERRÁNEO,2022-09-20 00:00:00,2022,126.5,1855.0,134.0,1035.3,0.06,0.05,0.69,10.0,0.031,0.0015,0.00130148,0.0012,0.000201289,0.00154
479,OCPNO4460M1,OCPNO4460M1-310722,POZO CNA 197 COFRADIA NAVOLATO,SUBTERRÁNEO,2022-07-28 00:00:00,2022,339.2,791.0,280.0,482.2,0.0047,3.253,0.21,10.0,4.371,0.023,0.00130148,0.0023,0.000201289,0.00154
480,OCPNO4461,OCPNO4461-310722,POZO CNA RC-5,SUBTERRÁNEO,2022-07-28 00:00:00,2022,277.4,775.0,256.0,464.4,0.013,1.405,0.29,10.0,3.324,0.013,0.00130148,0.0012,0.000352,0.00154
481,OCPNO4447,OCPNO4447-310722,POZO CNA 7,SUBTERRÁNEO,2022-07-25 00:00:00,2022,274.6,910.0,310.0,554.0,0.011,0.003,0.25,10.0,4.438,0.0015,0.00130148,0.0012,0.000201289,0.00154
482,OCPNO4465,OCPNO4465-310722,LAS TRANCAS,SUBTERRÁNEO,2022-07-28 00:00:00,2022,308.3,1010.0,282.0,611.8,0.0041,0.538,0.36,10.0,3.095,0.016,0.00130148,0.0016,0.000201289,0.00154
483,OCPNO4454,OCPNO4454-280822,LOMA DE RODRIGUERA,SUBTERRÁNEO,2022-08-25 00:00:00,2022,136.7,427.0,160.6,244.8,0.033,0.003,0.32,10.0,0.923,0.0015,0.00130148,0.0012,0.000201289,0.00154
484,OCPNO4462,OCPNO4462-310722,POZO CNA 135,SUBTERRÁNEO,2022-07-28 00:00:00,2022,201.1,576.0,216.0,383.2,0.02,0.046,0.14,10.0,0.035,0.0015,0.00130148,0.0016,0.000201289,0.00154
485,OCPNO4492,OCPNO4492-070822,BOCA DE ARROYO (CNA-402),SUBTERRÁNEO,2022-08-01 00:00:00,2022,499.5,1980.0,742.0,1708.7,0.0041,1.048,0.36,10.0,18.163,0.0015,0.00130148,0.0012,0.000201289,0.00154
486,OCPNO4498,OCPNO4498-070822,POZO CNA-159,SUBTERRÁNEO,2022-08-01 00:00:00,2022,450.8,1309.0,310.0,773.0,0.0041,0.009,0.53,10.0,9.055,0.01,0.00130148,0.0027,0.000201289,0.00154
487,OCPNO4499,OCPNO4499-070822,POZO CNA 188,SUBTERRÁNEO,2022-08-02 00:00:00,2022,404.4,1218.0,338.0,772.4,0.043,0.301,0.44,1935.0,15.752,0.01,0.00130148,0.0017,0.000201289,0.00154
488,OCPNO4500,OCPNO4500-070822,POZO CNA 1,SUBTERRÁNEO,2022-08-02 00:00:00,2022,344.8,898.0,334.0,551.4,0.0041,0.00021,0.39,10.0,8.884,0.0071,0.00130148,0.0024,0.000201289,0.00154
489,OCPNO4509,OCPNO4509-070822,POZO #1 BASE 10,SUBTERRÁNEO,2022-08-03 00:00:00,2022,267.4,1130.0,452.0,780.7,0.062,2.066,0.15,160.0,0.698,0.003,0.00130148,0.0016,0.000201289,0.00154
490,OCPNO4510,OCPNO4510-140822,POZO CNA EL VARAL,SUBTERRÁNEO,2022-08-08 00:00:00,2022,351.4,2770.0,948.0,1953.0,0.0093,1.821,0.3,10.0,8.756,0.0015,0.00130148,0.0012,0.000201289,0.00154
491,OCPNO4512,OCPNO4512-140822,LA ENTRADA,SUBTERRÁNEO,2022-08-08 00:00:00,2022,128.2,2062.0,530.0,1337.6,0.0041,0.00021,0.23,10.0,1.18,0.0015,0.00130148,0.0019,0.000201289,0.00154
492,OCPNO4531,OCPNO4531-280822,POZO CNA-350 BOCA DE ARROYO,SUBTERRÁNEO,2022-08-28 00:00:00,2022,224.6,602.0,220.9,375.8,0.0043,0.00021,0.48,2359.0,5.854,0.0015,0.00130148,0.0012,0.000201289,0.00154
493,OCPNO4551M1,OCPNO4551M1-140822,POZO 12 LAS QUINTAS,SUBTERRÁNEO,2022-09-11 00:00:00,2022,260.4,814.0,241.4,485.0,0.123,0.181,0.24,185.0,0.031,0.037,0.00130148,0.0012,0.000201289,0.00154
494,OCPNO4572,OCPNO4572-210822,"EL DORADO, LA CRUZ DE NAVITO",SUBTERRÁNEO,2022-08-17 00:00:00,2022,207.7,657.0,261.0,413.0,0.12,0.451,0.32,10.0,5.243,0.0015,0.00130148,0.0012,0.000201289,0.00154
495,OCPNO4575,OCPNO4575-210822,QUILA,SUBTERRÁNEO,2022-08-17 00:00:00,2022,263.0,547.0,259.0,454.8,0.0059,0.00021,0.72,10.0,11.351,0.016,0.00130148,0.0012,0.000201289,0.00154
496,OCPNO4595,OCPNO4595-040922,EL LIMONCITO,SUBTERRÁNEO,2022-10-27 00:00:00,2022,229.6,624.0,262.0,344.0,0.0041,0.009,0.22,10.0,2.09,0.0015,0.00130148,0.0012,0.000201289,0.00154
497,OCPNO4596,OCPNO4596-040922,EL ROBLE,SUBTERRÁNEO,2022-10-27 00:00:00,2022,215.3,559.0,233.6,336.0,0.0041,0.00021,0.19,10.0,3.105,0.0015,0.00130148,0.0012,0.000201289,0.00154
498,OCPNO4599,OCPNO4599-040922,EJIDO LA CRUZ,SUBTERRÁNEO,2022-10-28 00:00:00,2022,239.8,771.0,274.2,412.0,0.0041,0.003,0.38,63.0,4.3,0.0015,0.00130148,0.0012,0.000201289,0.00154
499,OCPNO4606,OCPNO4606-250922,EJIDO DIMAS,SUBTERRÁNEO,2022-09-23 00:00:00,2022,137.0,493.0,189.0,291.0,0.311,0.541,0.31,10.0,0.15,0.0015,0.00130148,0.0012,0.000201289,0.00154
500,OCPNO4612,OCPNO4612-250922,SAN IGNACIO,SUBTERRÁNEO,2022-10-13 00:00:00,2022,124.2,345.0,121.9,199.2,0.084,0.004,0.43,363.0,2.233,0.0073,0.00130148,0.0012,0.000201289,0.00154
501,OCPNO4618,OCPNO4618-250922,POZO CNA 82,SUBTERRÁNEO,2022-09-22 00:00:00,2022,70.4,198.0,72.7,126.3,0.0041,0.00021,0.17,10.0,0.848,0.0015,0.00130148,0.0012,0.000201289,0.00154
502,OCPNO4619,OCPNO4619-250922,WALAMO (CNA-013),SUBTERRÁNEO,2022-10-13 00:00:00,2022,115.9,581.0,241.9,379.6,0.518,0.352,0.09,10.0,0.974,0.0015,0.00130148,0.0012,0.000201289,0.00154
503,OCPNO4621,OCPNO4621-250922,POZO VILLA UNIÓN,SUBTERRÁNEO,2022-09-19 00:00:00,2022,229.5,569.0,180.7,370.7,0.168,0.854,0.54,10.0,0.046,0.0015,0.00130148,0.0012,0.000201289,0.00154
504,OCPNO4679,OCPNO4679-280822,POZO CNA 221,SUBTERRÁNEO,2022-08-24 00:00:00,2022,292.9,1177.0,383.5,709.2,0.491,0.043,0.39,10.0,5.997,0.0015,0.00130148,0.0012,0.000201289,0.00154
505,OCPNO5401,OCPNO5401-280822,POZO CNA-268 (AGUSTINA RAMIREZ),SUBTERRÁNEO,2022-08-24 00:00:00,2022,268.0,1983.0,704.8,1252.3,0.02,0.00021,0.21,10.0,6.996,0.0015,0.00130148,0.0012,0.000201289,0.00154
506,OCPNO6204,OCPNO6204-180922,POZO ACUIFERO RIO BALUARTE 1,SUBTERRÁNEO,2022-09-13 00:00:00,2022,60.2,190.0,67.5,147.3,0.0084,0.00021,0.3,3255.0,1.093,0.0015,0.00130148,0.0012,0.000201289,0.00154
507,OCPNO5400,OCPNO5400-280822,POZO CNA-264 (ALHUEY),SUBTERRÁNEO,2022-08-24 00:00:00,2022,294.0,1093.0,309.2,635.0,0.2,0.153,0.32,10.0,1.375,0.0015,0.00130148,0.0012,0.000201289,0.00154
508,OCPNO6210,OCPNO6210-180922,POZO ACUIFERO RIO BALUARTE 8,SUBTERRÁNEO,2022-09-13 00:00:00,2022,377.4,955.0,400.9,550.0,0.026,0.00021,0.67,17329.0,5.445,0.0015,0.00130148,0.0012,0.000201289,0.00154
509,OCPNO6216,OCPNO6216-180922,POZO ACUIFERO RIO BALUARTE 19,SUBTERRÁNEO,2022-09-15 00:00:00,2022,137.7,510.0,184.9,341.3,0.0068,0.001,0.17,285.0,4.696,0.0015,0.00130148,0.0012,0.000201289,0.00154
510,OCPNO6191,OCPNO6191-040922,POZO ACUIFERO RIO CULIACAN 21,SUBTERRÁNEO,2022-10-29 00:00:00,2022,479.7,1484.0,231.6,956.0,0.0041,0.022,1.21,98.0,12.732,0.041,0.00130148,0.0012,0.000201289,0.00154
511,OCPSU6176,OCPSU6176-110922,SAN JOSE DEL PROGRESO,SUBTERRÁNEO,2022-09-08 00:00:00,2022,78.0,233.0,112.0,206.0,5.315,0.821,0.0364,30.0,0.401,0.0015,0.00130148,0.012,0.000201289,0.00388
512,OCPSU6175,OCPSU6175-110922,MAGDALENA OCOTLAN,SUBTERRÁNEO,2022-09-08 00:00:00,2022,329.0,694.0,345.0,482.0,0.095,0.00109,0.0364,30.0,0.682,0.0015,0.00130148,0.006,0.000201289,0.00154
513,OCPYU4890,OCPYU4890-280822,POZO 4 DE LA PLANTA MERIDA IV,SUBTERRÁNEO,2022-10-31 00:00:00,2022,353.6,1693.0,475.3,922.7,0.0041,0.00021,0.22,10.0,4.208,0.0015,0.00130148,0.0012,0.000201289,0.00154
515,OCPYU4926,OCPYU4926-280822,POZO 6 DE LA PLANTA TEMOZON NORTE DE LA JAPAY,SUBTERRÁNEO,2022-10-31 00:00:00,2022,338.3,1354.0,430.6,711.0,0.0041,0.00021,0.21,10.0,5.67,0.0015,0.00130148,0.0012,0.000201289,0.00154
555,OCRBR4989M1,OCRBR4989M1-140822,"ACUIFERO MINA NL POZO NO, 10 SADM",SUBTERRÁNEO,2022-08-09 00:00:00,2022,216.0,1063.0,370.0,702.0,0.044,0.003,0.48,3.0,4.32,0.0015,0.00130148,0.001213,0.000201289,0.001941
557,OCRBR5001M1,OCRBR5001M1-140822,POZO DE AGUA Y DRENAJE NO. 9 CERRITOS,SUBTERRÁNEO,2022-08-08 00:00:00,2022,361.0,748.0,361.0,460.0,0.063,0.003,0.0364,3.0,7.506,0.0015,0.00130148,0.0012,0.0045,0.001871
559,PORTEZUELO (SAN PEDRO),PORTEZUELO (SAN PEDRO)-040922,PORTEZUELO (SAN PEDRO),SUBTERRÁNEO,2022-09-22 00:00:00,2022,118.0,301.0,77.0,206.0,0.053,0.004,0.44,3.0,1.0,0.004226,0.00130148,0.00143,0.000356,0.007037
560,SC-20,SC-20-091022,PM SUB 4,SUBTERRÁNEO,2022-10-10 00:00:00,2022,592.0,1824.0,617.5,1055.3,0.581,0.552,0.46,683.0,0.052,0.012,0.00130148,0.0012,0.000201289,0.00154
561,SC-22,SC-22-310722,PM SUB 9,SUBTERRÁNEO,2022-07-28 00:00:00,2022,534.8,1148.0,70.0,640.4,0.158,0.027,0.46,313.0,0.031,0.0015,0.00130148,0.0012,0.000201289,0.00154
562,SC-20,SC-20-310722,PM SUB 4,SUBTERRÁNEO,2022-07-28 00:00:00,2022,629.9,1965.0,612.0,1063.0,0.899,0.599,0.43,173.0,0.031,0.0015,0.00130148,0.0012,0.000201289,0.00154
563,SC-21,SC-21-091022,PM SUB 8,SUBTERRÁNEO,2022-10-10 00:00:00,2022,336.4,851.0,293.0,481.2,0.0041,0.00021,0.33,11199.0,0.08,0.0015,0.00130148,0.0012,0.000201289,0.00154
564,SC-22,SC-22-091022,PM SUB 9,SUBTERRÁNEO,2022-10-20 00:00:00,2022,465.8,1103.0,25.6,632.8,14.38,0.243,0.91,3076.0,0.248,0.0015,0.00130148,0.0049,0.000201289,0.00154
565,SC-21,SC-21-310722,PM SUB 8,SUBTERRÁNEO,2022-07-28 00:00:00,2022,393.4,1228.0,450.0,663.4,1.931,2.549,0.41,24196.0,0.043,0.0015,0.00130148,0.0012,0.000201289,0.00154
566,TOMA DOMICILIARIA BACANUCHI ESCUELA,TOMA DOMICILIARIA BACANUCHI ESCUELA-310722,TOMA DOMICILIARIA BACANUCHI ESCUELA,SUBTERRÁNEO,2022-07-25 00:00:00,2022,249.7,1100.0,522.0,838.2,0.017,0.00021,0.22,10.0,1.602,0.0015,0.00130148,0.0012,0.000201289,0.00154
567,TOMA DOMICILIARIA BANAMICHI,TOMA DOMICILIARIA BANAMICHI-140822,TOMA DOMICILIARIA BANAMICHI,SUBTERRÁNEO,2022-08-09 00:00:00,2022,232.1,704.0,90.0,464.4,0.0041,0.00021,0.53,10.0,1.586,0.0092,0.00130148,0.0012,0.000201289,0.00154
568,TOMA DOMICILIARIA HUEPAC,TOMA DOMICILIARIA HUEPAC-140822,TOMA DOMICILIARIA HUEPAC,SUBTERRÁNEO,2022-08-10 00:00:00,2022,295.0,962.0,320.0,669.0,0.0041,0.00021,0.55,10.0,3.665,0.0015,0.00130148,0.0012,0.000201289,0.00154
569,TOMA DOMICILIARIA LA CAPILLA,TOMA DOMICILIARIA LA CAPILLA-210822,TOMA DOMICILIARIA LA CAPILLA,SUBTERRÁNEO,2022-08-16 00:00:00,2022,349.2,1294.0,526.1,926.0,0.0083,0.00021,0.68,10.0,4.383,0.0015,0.00130148,0.0012,0.000201289,0.00154
570,TOMA DOMICILIARIA ACONCHI,TOMA DOMICILIARIA ACONCHI-140822,TOMA DOMICILIARIA ACONCHI,SUBTERRÁNEO,2022-08-11 00:00:00,2022,306.1,1140.0,404.0,816.4,0.0041,0.00021,0.47,10.0,5.164,0.008,0.00130148,0.0012,0.000201289,0.00154
571,TOMA DOMICILIARIA LA LABOR,TOMA DOMICILIARIA LA LABOR-210822,TOMA DOMICILIARIA LA LABOR,SUBTERRÁNEO,2022-08-16 00:00:00,2022,311.6,1182.0,451.8,969.0,0.057,1.276,0.91,41.0,4.164,0.0015,0.00130148,0.008,0.000201289,0.00154
572,TOMA DOMICILIARIA SAN JOSE,TOMA DOMICILIARIA SAN JOSE-140822,TOMA DOMICILIARIA SAN JOSE,SUBTERRÁNEO,2022-10-03 00:00:00,2022,325.8,1148.0,468.1,810.7,0.009,0.00021,0.47,20.0,4.95,0.0015,0.00130148,0.0012,0.000201289,0.00154
573,TOMA DOMICILIARIA LA ESTANCIA,TOMA DOMICILIARIA LA ESTANCIA-140822,DOMICILIARIA LA ESTANCIA,SUBTERRÁNEO,2022-08-11 00:00:00,2022,284.0,1084.0,356.0,763.8,0.0053,0.00021,0.48,148.0,5.717,0.008,0.00130148,0.0012,0.000201289,0.00154
574,OCRBR5022M2,OCRBR5022M2-160822,POZO 1A,SUBTERRÁNEO,2022-08-16 00:00:00,2022,265.0,1951.0,375.0,579.0,0.052,0.006,0.0364,3.0,6.497,0.0015,0.00130148,0.003019,0.000201289,0.00199
575,OCGCE3344M1,OCGCE3344M1-280822,O OP PASO DEL TORO,SUBTERRÁNEO,2022-08-26 00:00:00,2022,205.0,532.0,222.8,390.0,0.151,0.00137,0.0364,30.0,5.519,0.0015,0.00130148,0.037,0.000201289,0.00154
576,DLBAJ117,DLBAJ117-110922,LAS PARRITAS,SUBTERRÁNEO,2022-09-11 00:00:00,2022,377.6,1140.0,478.9,769.0,0.017,0.00021,0.34,5475.0,6.925,0.0015,0.00130148,0.0012,0.000201289,0.00154
578,OCGCE3326,OCGCE3326-280822,HOTEL JARAGUA S. A. DE C.V. (POZO 1),SUBTERRÁNEO,2022-08-26 00:00:00,2022,294.0,703.0,302.4,478.0,0.128,0.011,0.0364,30.0,9.123,0.0015,0.00130148,0.02,0.000381,0.00154
579,DLBAJ128,DLBAJ128-110922,EL ROSARIO II,SUBTERRÁNEO,2022-09-09 00:00:00,2022,355.9,1490.0,522.5,970.8,1.385,0.432,0.37,2481.0,0.21,0.019,0.00130148,0.0012,0.000201289,0.00154
581,DLBAJ184,DLBAJ184-180922,DIAZ ORDAZ 2. 2A. ETAPA,SUBTERRÁNEO,2022-09-15 00:00:00,2022,151.0,720.0,78.9,420.4,0.011,0.00021,0.76,10.0,3.752,0.0091,0.00130148,0.04,0.000201289,0.00154
582,DLBAJ186,DLBAJ186-180922,E. ZAPATA 1,SUBTERRÁNEO,2022-09-15 00:00:00,2022,187.7,2311.0,731.2,1566.7,0.272,0.007,0.27,171.0,11.458,0.0015,0.00130148,0.042,0.000201289,0.00154
583,DLBAJ149,DLBAJ149-250922,POZO NO. 14,SUBTERRÁNEO,2022-09-21 00:00:00,2022,242.8,897.0,195.3,572.0,0.0072,0.002,0.47,10.0,3.501,0.028,0.00130148,0.0012,0.000201289,0.00154
584,DLBAJ150,DLBAJ150-250922,POZO 2A,SUBTERRÁNEO,2022-09-19 00:00:00,2022,210.1,1813.0,369.8,1135.0,0.015,0.00021,0.42,10.0,6.321,0.0015,0.00130148,0.0012,0.000201289,0.00154
585,DLBAJ108,DLBAJ108-021022,POZO A.P. CNA 7 (ANTES POZO A.P. CNA 6),SUBTERRÁNEO,2022-09-29 00:00:00,2022,177.6,426.0,170.3,271.0,0.0041,0.00021,0.34,10.0,6.246,0.0015,0.00130148,0.0012,0.000201289,0.00154
586,DLBAJ161,DLBAJ161-180922,CNA-SI-03 (EJ. ALFREDO V. BONFIL),SUBTERRÁNEO,2022-09-20 00:00:00,2022,193.8,953.0,367.7,683.2,2.21,0.097,0.33,85.0,1.889,0.0015,0.00130148,0.0012,0.000201289,0.00154
588,DLBAJ92,DLBAJ92-021022,POZO SAN BERNABE,SUBTERRÁNEO,2022-09-27 00:00:00,2022,77.1,248.0,94.5,203.8,0.0043,0.00021,0.31,10.0,3.76,0.0015,0.00130148,0.0012,0.000201289,0.00154
589,DLHID1510,DLHID1510-040922,POZO ZIMAPAN 1,SUBTERRÁNEO,2022-10-07 00:00:00,2022,214.2,566.0,259.6,332.4,0.113,0.019,0.63,10.0,0.532,0.479,0.00130148,0.0012,0.000201289,0.00154
590,OCGCE3468,OCGCE3468-250922,DOS MATAS SOC. DE PROD. RURAL DE R. L. (P-2),SUBTERRÁNEO,2022-09-22 00:00:00,2022,90.0,441.0,147.6,324.0,0.29,0.002,0.0364,30.0,1.414,0.0015,0.00130148,0.016,0.000374,0.00154
591,DLMIC1772,DLMIC1772-061122,EL FRESNO 1,SUBTERRÁNEO,2022-11-16 00:00:00,2022,261.1,507.0,207.2,350.0,0.0041,0.003,0.25,10.0,0.984,0.0015,0.00130148,0.0012,0.000201289,0.00154
592,DLPUE2075,DLPUE2075-231022,JOSE ROSENDO FCO. CORTES HDZ.,SUBTERRÁNEO,2022-10-21 00:00:00,2022,232.0,749.0,304.8,454.0,0.3,0.006,0.0364,30.0,0.596,0.0015,0.00130148,0.039,0.000201289,0.00154
596,DLPUE2076,DLPUE2076-231022,"SAN ANTONIO CHICHICUAUTLA, SPR DE RI",SUBTERRÁNEO,2022-10-21 00:00:00,2022,262.0,722.0,287.4,436.0,0.272,0.044,0.0364,30.0,0.334,0.0015,0.00130148,0.031,0.000201289,0.00154
613,DLCAM6565,DLCAM6565-301022,POZO DEL SAP DE DZIBALCHEN,SUBTERRÁNEO,2022-10-28 00:00:00,2022,274.4,2364.0,1175.8,2130.0,0.0041,0.00021,0.53,1100.0,6.784,0.0015,0.00130148,0.009,0.000201289,0.00154
614,DLCAM6566,DLCAM6566-061122,POZO DEL SAP DE ITURBIDE,SUBTERRÁNEO,2022-10-31 00:00:00,2022,318.1,1661.0,751.2,1396.0,0.065,0.00021,0.89,9.0,8.902,0.0015,0.00130148,0.0012,0.000201289,0.00154
615,DLHID1511,DLHID1511-131122,POZO ZIMAPAN 2,SUBTERRÁNEO,2022-11-08 00:00:00,2022,156.2,447.0,184.3,246.0,0.105,0.003,0.1493,210.0,2.169,0.078,0.00130148,0.007,0.000201289,0.00154
618,DLCAM6560,DLCAM6560-301022,POZO DEL SAP DE TIKINMUL,SUBTERRÁNEO,2022-10-29 00:00:00,2022,247.4,2094.0,1110.5,1990.0,0.0041,0.00021,1.08,28.0,4.064,0.0015,0.00130148,0.0012,0.000201289,0.00154
619,DLCAM6561,DLCAM6561-301022,POZO DEL SAP DE ICH-EK,SUBTERRÁNEO,2022-10-28 00:00:00,2022,326.4,1517.0,586.0,1139.0,0.075,0.004,0.3,20.0,9.899,0.0015,0.00130148,0.008,0.000201289,0.00154
620,PLA16M-6+950,PLA16M-6+950-131122,PLA16M-6+950,SUBTERRÁNEO,2022-11-10 00:00:00,2022,134.6,1024.0,300.6,626.3,4.735,0.178,1.15,10.0,0.194,0.0015,0.00130148,0.0012,0.000201289,0.00154
621,PLA8L-7+350,PLA8L-7+350-131122,PLA8L-7+350,SUBTERRÁNEO,2022-11-10 00:00:00,2022,192.8,1239.0,418.4,788.3,2.907,0.102,1.43,14136.0,0.751,0.0015,0.0014,0.0033,0.000201289,0.00154
622,BROTE CARMINA 3,BROTE CARMINA 3-131122,CARMINA 3 BROTE,SUBTERRÁNEO,2022-11-08 00:00:00,2022,139.7,884.0,505.8,562.4,0.011,0.032,0.82,97.0,0.591,0.0015,0.00130148,0.0012,0.000201289,0.00154
623,DLCAM6562,DLCAM6562-301022,POZO DEL SAP DE SANTA RITA,SUBTERRÁNEO,2022-10-28 00:00:00,2022,329.2,1525.0,361.2,993.0,0.0141,0.00021,0.7,120.0,17.08,0.0015,0.00130148,0.006,0.000201289,0.00154
624,DLCAM6563,DLCAM6563-301022,POZO DEL SAP DE PAKCHEN,SUBTERRÁNEO,2022-10-28 00:00:00,2022,311.6,1815.0,618.6,1374.0,0.064,0.026,0.0364,1100.0,8.864,0.0015,0.00130148,0.0012,0.000201289,0.00154
625,DLCAM6564,DLCAM6564-301022,POZO DEL SAP LOS LAURELES,SUBTERRÁNEO,2022-10-28 00:00:00,2022,279.0,1165.0,326.6,762.0,0.028,0.006,0.46,210.0,10.788,0.0015,0.00130148,0.0012,0.000201289,0.00154
626,LA BURBUJA,LA BURBUJA-131122,LA BURBUJA,SUBTERRÁNEO,2022-11-08 00:00:00,2022,212.2,971.0,388.0,627.4,0.0041,0.051,0.57,30.0,0.776,0.0015,0.00130148,0.0012,0.000201289,0.00154
627,MF13,MF13-131122,MF13,SUBTERRÁNEO,2022-11-10 00:00:00,2022,132.6,849.0,278.3,544.8,0.0087,0.002,0.19,218.0,0.619,0.0015,0.00130148,0.0012,0.000201289,0.00154
628,P19C-6+350,P19C-6+350-131122,P19C-6+350 ,SUBTERRÁNEO,2022-11-10 00:00:00,2022,160.1,921.0,373.7,583.7,3.432,0.074,1.32,10.0,2.036,0.0015,0.00130148,0.0035,0.000201289,0.072
629,DLQUE2088,DLQUE2088-061122,POZO VIDRIERA,SUBTERRÁNEO,2022-11-15 00:00:00,2022,226.4,978.0,152.3,620.0,0.0041,0.00021,2.04,10.0,8.547,0.012,0.00130148,0.0019,0.000228,0.00154
630,DLQUE2089,DLQUE2089-061122,POZO MICHELIN,SUBTERRÁNEO,2022-11-03 00:00:00,2022,261.4,1071.0,182.8,687.0,0.058,0.011,2.32,10.0,7.492,0.017,0.00130148,0.006,0.000201289,0.00154
